,Country,Year,Num of Systems,RMax,RPeak,Total Cores,GDPpC,HDI,Q1,Q2,Q3,Q4,Top10,Cluster
0,Country: France,Year: 1993,22,36.536,59.74199999999998,3014,22380.1039619355,0.804,16659,11104,8026,3005,8313,cluster_2
1,Country: United Kingdom,Year: 1993,21,44.56899999999999,60.06100000000001,1014,18389.0195675099,0.8140000000000001,39633,22026,9925,3177,18304,cluster_2
2,Country: Australia,Year: 1993,10,12.235,22.963,799,17633.3813804079,0.872,9392,6267,2780,674,4302,cluster_2
3,Country: Italy,Year: 1993,6,4.3100000000000005,7.375,326,18676.9525789183,0.7859999999999999,11687,8581,5033,1784,5672,cluster_2
4,Country: Netherlands,Year: 1993,6,8.671999999999999,11.599,568,22827.300043158706,0.8390000000000001,9528,5404,2776,989,5030,cluster_2
5,Country: Switzerland,Year: 1993,5,9.626,12.114,18,38100.736729035,0.841,5551,2946,1639,738,3021,cluster_2
6,Country: South Korea,Year: 1993,4,16.622,18.57,26,8740.9456025724,0.7559999999999999,1651,1121,714,416,704,cluster_2
7,Country: Spain,Year: 1993,4,4.957,5.899,11,13303.6761311749,0.782,6989,4659,3145,1052,3346,cluster_2
8,Country: Canada,Year: 1993,3,23.003,25.78,37,20017.4298480977,0.8540000000000001,16991,10696,5396,1922,8898,cluster_2
9,Country: Norway,Year: 1993,3,4.2589999999999995,6.533,2108,27963.6652188271,0.87,1925,1309,743,177,879,cluster_2
10,Country: Denmark,Year: 1993,2,1.995,3.46,264,27597.971483377998,0.815,3192,1939,881,226,1636,cluster_2
11,Country: Mexico,Year: 1993,2,1.8230000000000002,2.333,12,5526.86050703677,0.6629999999999999,917,689,387,202,432,cluster_2
12,Country: Austria,Year: 1993,2,2.056,3.425,57,24081.5278077646,0.807,2001,1649,1014,394,1004,cluster_2
13,Country: Taiwan,Year: 1993,2,2.631,4.048,22,,,2692,1584,1052,353,1248,cluster_2
14,Country: Brazil,Year: 1993,2,3.5039999999999996,3.866,3,2786.1713557447692,0.63,1860,1423,927,454,803,cluster_2
15,Country: Finland,Year: 1993,1,0.8220000000000001,0.94,4,17617.0304386654,0.799,2975,1653,735,195,1472,cluster_2
16,Country: Sweden,Year: 1993,1,0.8220000000000001,0.94,4,24080.8996705645,0.84,6663,4082,1759,474,3313,cluster_2
17,Country: Slovenia,Year: 1993,1,0.615,0.72,6,,0.769,266,228,186,78,102,cluster_2
18,Country: Belgium,Year: 1993,1,0.54,0.828,6,22403.2168180008,0.8390000000000001,3703,2301,1236,504,1915,cluster_2
19,Country: Greece,Year: 1993,1,0.485,0.77,512,10401.9829861914,0.762,1379,1045,570,198,654,cluster_2
20,Country: United Kingdom,Year: 1994,24,113.083,154.24000000000004,1543,19709.238098365306,0.8270000000000001,41833,23550,11551,3966,19657,cluster_2
21,Country: France,Year: 1994,24,81.39800000000005,125.131,1383,23496.523322266603,0.818,18531,12669,8497,3663,9541,cluster_2
22,Country: Switzerland,Year: 1994,9,47.707,67.064,349,41843.7568835613,0.8440000000000001,6008,3465,1948,835,3363,cluster_2
23,Country: Australia,Year: 1994,8,15.699000000000002,28.173,2738,18045.4390604354,0.875,10014,6737,3168,877,4699,cluster_2
24,Country: Netherlands,Year: 1994,8,18.856,23.769000000000002,74,24331.7540182404,0.8640000000000001,10263,5868,3132,1170,5439,cluster_2
25,Country: Sweden,Year: 1994,6,8.783,20.073,408,25747.2416875525,0.8490000000000001,7374,4536,2083,674,3690,cluster_2
26,Country: Norway,Year: 1994,5,9.359,17.052999999999994,2280,29315.8419070199,0.885,2251,1409,803,283,1087,cluster_2
27,Country: Canada,Year: 1994,5,49.76000000000001,55.5,27,19859.203977836798,0.8590000000000001,18532,11707,6321,2413,9565,cluster_2
28,Country: Taiwan,Year: 1994,4,5.643,8.283999999999999,30,,,3266,2262,1415,475,1429,cluster_2
29,Country: Saudi Arabia,Year: 1994,3,5.017,6.417999999999998,18,7382.13216628019,0.718,534,604,322,86,262,cluster_2
30,Country: Denmark,Year: 1994,3,4.37,6.205,264,29995.5652189509,0.8240000000000001,3568,2247,1087,375,1873,cluster_2
31,Country: Italy,Year: 1994,3,4.352,8.357999999999999,70,19273.8441700103,0.794,13136,9362,5577,2046,6299,cluster_2
32,Country: Mexico,Year: 1994,3,6.774,10.829,54,5715.409998603211,0.67,1113,803,475,211,481,cluster_2
33,Country: Hong Kong,Year: 1994,3,8.474,12.067,156,22502.5797409692,0.804,1050,817,413,165,476,cluster_2
34,Country: South Korea,Year: 1994,3,16.018,17.903999999999996,24,10205.8074659925,0.767,2100,1465,1033,546,983,cluster_2
35,Country: Spain,Year: 1994,3,6.72,7.9289999999999985,7,13378.8498420644,0.7909999999999999,7542,5321,3343,1161,3617,cluster_2
36,Country: Brazil,Year: 1994,2,4.367,5.0,7,3494.64054135109,0.64,2102,1621,1139,521,917,cluster_2
37,Country: Greece,Year: 1994,2,4.922,6.800000000000002,66,11091.2838606376,0.7659999999999999,1635,1161,705,281,716,cluster_2
38,Country: Finland,Year: 1994,1,2.0,2.4,8,20305.5835495475,0.809,3264,1864,900,277,1625,cluster_2
39,Country: Belgium,Year: 1994,1,3.0,4.256,16,24338.1377018161,0.845,4262,2561,1499,667,2297,cluster_2
40,Country: Austria,Year: 1994,1,1.9,3.05,61,25646.700659168397,0.813,2248,1911,1061,437,1103,cluster_2
41,Country: Slovenia,Year: 1994,1,1.746,12.8,64,,0.775,289,306,210,107,117,cluster_2
42,Country: Ireland,Year: 1994,1,1.6,2.4,2048,15921.9752702003,0.789,1082,717,369,109,497,cluster_2
43,Country: Turkey,Year: 1994,1,1.6,2.128,8,2270.3403622467104,0.599,975,1014,725,290,410,cluster_2
44,Country: Singapore,Year: 1994,1,1.3,1.375,1,21578.4605325312,0.763,1025,723,386,130,468,cluster_2
45,Country: France,Year: 1995,25,126.355,173.7729999999999,1050,26890.2198804535,0.825,19389,13486,8606,3916,9780,cluster_2
46,Country: United Kingdom,Year: 1995,17,144.297,197.44199999999995,1022,23013.458819927404,0.8390000000000001,44183,24773,12039,4187,20526,cluster_2
47,Country: Switzerland,Year: 1995,9,95.82799999999999,134.42,924,48662.4397737883,0.848,6082,3398,1949,926,3327,cluster_2
48,Country: Netherlands,Year: 1995,9,47.303999999999995,65.161,206,28884.713522243397,0.861,10840,6214,3082,1221,5789,cluster_2
49,Country: Canada,Year: 1995,8,78.297,90.564,112,20577.4893858895,0.861,18304,11874,6202,2691,9464,cluster_2
50,Country: South Korea,Year: 1995,6,35.383,46.268,127,12332.9793517745,0.778,2690,1978,1250,685,1191,cluster_2
51,Country: Italy,Year: 1995,6,27.199,43.148,238,20596.3885757596,0.8,13662,9811,5837,2293,6572,cluster_2
52,Country: Sweden,Year: 1995,4,21.645,33.27,211,29914.331746409,0.856,7877,4956,2194,651,3760,cluster_2
53,Country: Denmark,Year: 1995,4,17.128,23.360000000000007,78,35351.3807065346,0.831,3682,2272,1134,320,1905,cluster_2
54,Country: Finland,Year: 1995,3,11.375000000000002,14.993,44,26273.4659031066,0.816,3467,2004,984,272,1750,cluster_2
55,Country: Norway,Year: 1995,3,9.037,14.526,183,34875.1973878148,0.883,2413,1638,868,260,1080,cluster_2
56,Country: Australia,Year: 1995,3,11.693,16.4,56,20319.6306283956,0.883,10616,7373,3640,1022,5013,cluster_2
57,Country: Poland,Year: 1995,3,8.43,11.97,45,3682.7912152665203,0.74,2712,2761,1790,807,1144,cluster_2
58,Country: Austria,Year: 1995,3,10.360999999999999,32.523999999999994,166,30325.8495818396,0.8170000000000001,2462,2015,1094,463,1235,cluster_2
59,Country: Hong Kong,Year: 1995,3,14.453,21.272,188,23497.4923138193,0.8079999999999999,1318,1002,583,260,602,cluster_2
60,Country: Singapore,Year: 1995,2,6.7,9.056,32,24936.8308288424,0.773,1089,852,434,212,505,cluster_2
61,Country: Belgium,Year: 1995,2,5.625,7.98,30,28565.919151606602,0.852,4486,2818,1635,692,2309,cluster_2
62,Country: Taiwan,Year: 1995,2,9.5,13.832,52,,,3633,2497,1502,535,1610,cluster_2
63,Country: Mexico,Year: 1995,1,4.142,5.4,18,3828.7170228794494,0.669,1363,1057,619,303,558,cluster_2
64,Country: Slovenia,Year: 1995,1,3.306,12.8,64,10690.6652278647,0.782,342,324,194,121,136,cluster_2
65,Country: Spain,Year: 1995,1,3.275,3.809,4,15429.9394216199,0.8,8255,5955,3640,1334,3880,cluster_2
66,Country: China,Year: 1995,1,5.8,8.512,32,609.6566792024839,0.55,5389,5340,5786,3247,2116,cluster_2
67,Country: Greece,Year: 1995,1,3.2030000000000003,4.2,14,12959.3243186619,0.768,1818,1360,756,270,869,cluster_2
68,Country: Brazil,Year: 1995,1,2.9,3.2,1,4740.11981336276,0.648,2342,1913,1310,653,1063,cluster_2
69,Country: United Kingdom,Year: 1996,18,360.486,471.79999999999984,1488,24219.6228487767,0.8440000000000001,47305,26580,13157,5330,23317,cluster_2
70,Country: France,Year: 1996,17,239.113,356.94499999999994,1402,26871.8290189054,0.83,23842,15234,10352,5801,11995,cluster_2
71,Country: Netherlands,Year: 1996,9,111.68,143.566,363,28698.6660159512,0.866,12417,6679,3536,1873,6662,cluster_2
72,Country: Switzerland,Year: 1996,9,129.642,182.454,1015,46676.850944168,0.8540000000000001,7720,4093,2515,1399,4207,cluster_2
73,Country: Italy,Year: 1996,6,42.253,59.211999999999996,302,23020.099939992204,0.8059999999999999,16974,12002,7086,3409,7986,cluster_2
74,Country: Australia,Year: 1996,5,50.026,59.2,93,21861.32550987,0.8859999999999999,12117,8166,4103,1620,5907,cluster_2
75,Country: Spain,Year: 1996,5,33.039,45.24,146,16069.207085415801,0.8059999999999999,10659,7424,5066,2150,5098,cluster_2
76,Country: Canada,Year: 1996,4,82.14,90.506,65,21183.2200827089,0.863,22281,13544,7346,3320,11765,cluster_2
77,Country: Austria,Year: 1996,4,21.605999999999998,44.88,184,29809.0767730821,0.82,3265,2445,1466,664,1605,cluster_2
78,Country: South Korea,Year: 1996,3,29.05,35.738,88,13137.908070161398,0.789,4288,2948,2468,1170,2023,cluster_2
79,Country: Denmark,Year: 1996,3,30.71,36.216,84,35650.724342009904,0.8370000000000001,4306,2449,1327,484,2214,cluster_2
80,Country: Sweden,Year: 1996,3,31.734,48.81,262,32587.264104464102,0.863,9059,5357,2411,930,4551,cluster_2
81,Country: Finland,Year: 1996,3,35.63500000000001,53.583999999999996,98,25777.6412996396,0.823,4073,2350,1267,525,2006,cluster_2
82,Country: Taiwan,Year: 1996,1,15.23,21.28,80,,,4945,3251,2146,875,2425,cluster_2
83,Country: Israel,Year: 1996,1,12.5,17.024,64,19317.871040071,0.828,5598,3492,1825,673,2963,cluster_2
84,Country: Norway,Year: 1996,1,25.1,38.4,64,37321.4433901355,0.888,2755,1805,1321,417,1282,cluster_2
85,Country: Saudi Arabia,Year: 1996,1,7.97,10.78,35,8293.22070270384,0.727,698,882,401,174,339,cluster_2
86,Country: China,Year: 1996,1,6.569,8.512,32,709.413755085039,0.5589999999999999,7316,7748,9339,6558,3084,cluster_2
87,Country: Hong Kong,Year: 1996,1,6.569,8.512,32,24818.154552351694,0.8109999999999999,2062,1411,849,398,1058,cluster_2
88,Country: Slovenia,Year: 1996,1,6.192,12.8,64,10801.428430554699,0.7879999999999999,498,383,348,273,190,cluster_2
89,Country: Singapore,Year: 1996,1,5.872000000000001,7.8,20,26263.016267519302,0.782,1360,1163,500,239,653,cluster_2
90,Country: South Africa,Year: 1996,1,5.78,7.447999999999999,28,3440.86422316801,0.647,1628,1629,1063,296,761,cluster_2
91,Country: Poland,Year: 1996,1,5.452000000000001,7.68,32,4140.983541141421,0.748,3601,3608,3612,1543,1431,cluster_2
92,Country: New Zealand,Year: 1996,1,4.862,6.24,16,18794.436039393,0.8540000000000001,2354,1742,957,279,1210,cluster_2
93,Country: Egypt,Year: 1996,1,4.862,6.24,16,1041.5234479608198,0.584,954,970,625,412,406,cluster_2
94,Country: Luxembourg,Year: 1996,1,4.62,6.48,18,52571.9349918208,0.8170000000000001,23,26,12,10,11,cluster_2
95,Country: Germany,Year: 1997,43,1671.53,2541.672999999999,4197,27045.719127331802,0.8440000000000001,34185,23614,17554,10440,16798,cluster_2
96,Country: United Kingdom,Year: 1997,24,1137.486,1691.2760000000005,2720,26621.4800592777,0.8490000000000001,49622,27555,14229,6203,24490,cluster_2
97,Country: France,Year: 1997,20,553.6270000000002,828.4200000000003,1929,24228.942350896406,0.8340000000000001,25797,16410,11586,6461,13115,cluster_2
98,Country: South Korea,Year: 1997,9,183.81,255.078,363,12131.874704259199,0.8,5192,3579,3308,1559,2344,cluster_2
99,Country: Netherlands,Year: 1997,8,129.98999999999998,166.491,320,26404.986730145,0.865,13003,6867,3687,1939,6950,cluster_2
100,Country: Sweden,Year: 1997,7,197.63,278.50600000000003,613,29897.7926311935,0.8740000000000001,9417,5497,2580,1390,4762,cluster_2
101,Country: Switzerland,Year: 1997,6,113.20000000000002,145.70999999999995,851,40417.9622817609,0.8640000000000001,8319,4324,2652,1565,4638,cluster_2
102,Country: Spain,Year: 1997,4,65.78,88.32000000000002,196,14696.2161077085,0.81,11731,7905,5834,2508,5728,cluster_2
103,Country: Italy,Year: 1997,3,75.75999999999998,111.84,184,21779.6243667018,0.8140000000000001,17742,12404,7533,3528,8538,cluster_2
104,Country: Norway,Year: 1997,3,73.06,102.72,216,36628.517415574104,0.894,2990,1847,1516,438,1437,cluster_2
105,Country: Canada,Year: 1997,3,164.11,174.896,136,21770.1340814172,0.862,21799,13815,7511,3467,11517,cluster_2
106,Country: Australia,Year: 1997,2,39.08,43.96,45,23468.5968306374,0.889,12649,8787,4586,1813,6194,cluster_2
107,Country: Brazil,Year: 1997,2,27.93,35.2,72,5271.41222246603,0.664,4148,3691,2668,1201,1835,cluster_2
108,Country: Israel,Year: 1997,2,23.28,29.024,88,19658.1326309076,0.835,5962,3702,2047,827,3176,cluster_2
109,Country: Mexico,Year: 1997,2,21.62,25.48,58,5143.961120073879,0.6829999999999999,2228,1565,1118,831,934,cluster_2
110,Country: Finland,Year: 1997,1,101.0,168.0,224,24676.4970769622,0.8320000000000001,4337,2438,1325,601,2181,cluster_2
111,Country: Denmark,Year: 1997,1,31.1,32.0,16,32835.9287666102,0.843,4747,2626,1908,516,2478,cluster_2
112,Country: Russian Federation,Year: 1997,1,20.3,24.0,48,2737.55666234068,0.7040000000000001,6448,5594,9669,12151,2667,cluster_2
113,Country: Taiwan,Year: 1997,1,15.23,21.28,80,,,5351,3534,2214,1011,2542,cluster_2
114,Country: Liechtenstein,Year: 1997,1,15.01,23.04,32,72190.7905862245,,17,12,1,2,5,cluster_2
115,Country: South Africa,Year: 1997,1,10.35,12.0,24,3495.11122228324,0.644,1727,1827,1138,393,772,cluster_2
116,Country: United Kingdom,Year: 1998,28,2253.473,3116.97,4259,28014.894699495297,0.855,51972,28212,13989,6096,25526,cluster_2
117,Country: France,Year: 1998,14,709.3399999999998,998.3000000000003,1478,24974.272199000497,0.8390000000000001,27069,16754,11483,6432,13803,cluster_2
118,Country: Canada,Year: 1998,8,449.02,575.1619999999998,608,20887.8394667666,0.861,21471,13621,7521,3385,11323,cluster_2
119,Country: Switzerland,Year: 1998,6,152.89,192.31000000000003,484,41497.2026053116,0.873,9043,4414,2645,1446,4998,cluster_2
120,Country: Sweden,Year: 1998,6,253.79,341.88,614,30143.627458278,0.888,9826,5688,2741,1545,5028,cluster_2
121,Country: South Korea,Year: 1998,6,212.87,304.4,429,8085.32352838328,0.797,5944,4218,3598,1414,2627,cluster_2
122,Country: Spain,Year: 1998,5,112.83,144.04,260,15340.3321141928,0.8140000000000001,12553,8231,6245,2796,6005,cluster_2
123,Country: Netherlands,Year: 1998,4,140.04999999999998,206.6,290,27533.6067928156,0.867,13468,7255,3648,1873,7238,cluster_2
124,Country: Australia,Year: 1998,3,110.15,117.56,109,21318.964169431798,0.892,13422,8901,4786,1817,6488,cluster_2
125,Country: Norway,Year: 1998,2,81.35,106.32,222,34788.7785642698,0.906,3176,2017,1556,420,1453,cluster_2
126,Country: Denmark,Year: 1998,2,50.56,58.88,58,33368.1548509045,0.8490000000000001,5038,2776,1874,503,2648,cluster_2
127,Country: Mexico,Year: 1998,2,46.49,55.93,84,5327.81190127662,0.69,2348,1753,1206,890,1103,cluster_2
128,Country: Finland,Year: 1998,1,123.0,177.0,236,25989.407503518,0.84,4607,2560,1300,620,2382,cluster_2
129,Country: Italy,Year: 1998,1,142.36,206.4,172,22252.358086231,0.8190000000000001,18336,12532,7437,3494,8718,cluster_2
130,Country: Belgium,Year: 1998,1,25.37,30.63,46,25541.674723365602,0.866,6263,3742,2444,1336,3211,cluster_2
131,Country: Hong Kong,Year: 1998,1,22.19,30.72,48,25808.970952452997,0.8170000000000001,2791,1897,1169,518,1405,cluster_2
132,Country: Taiwan,Year: 1998,1,20.37,29.21,110,,,5511,3617,2482,1037,2671,cluster_2
133,Country: Russian Federation,Year: 1998,1,20.3,24.0,48,1834.8469373328696,0.703,6371,6060,9963,12436,2613,cluster_2
134,Country: France,Year: 1999,27,2162.79,3141.4999999999995,3626,24673.1989691744,0.845,27837,16826,11915,6953,14376,cluster_2
135,Country: United Kingdom,Year: 1999,24,3203.140000000001,4759.31,5458,28383.6689052533,0.861,52881,28497,14314,6311,26808,cluster_2
136,Country: Sweden,Year: 1999,7,422.36,613.01,860,30577.0817743892,0.893,10216,5651,2767,1607,5211,cluster_2
137,Country: Netherlands,Year: 1999,7,397.05,635.59,916,27951.734289322998,0.87,13615,6594,3533,1839,7529,cluster_2
138,Country: Italy,Year: 1999,6,426.9,687.1,742,21936.8231293509,0.8240000000000001,19581,12243,7271,3443,9499,cluster_2
139,Country: Switzerland,Year: 1999,5,255.9,479.53,696,40581.3070515572,0.8809999999999999,9364,4570,2698,1645,5248,cluster_2
140,Country: South Korea,Year: 1999,5,354.07,442.96,411,10409.3268882433,0.8079999999999999,6940,4900,4066,2054,3064,cluster_2
141,Country: Canada,Year: 1999,5,436.19,529.09,460,22167.225849888197,0.8640000000000001,22009,13142,7362,3385,11647,cluster_2
142,Country: Australia,Year: 1999,4,198.34,269.98,316,20521.7775705928,0.895,13964,9161,4658,1973,6781,cluster_2
143,Country: Luxembourg,Year: 1999,4,142.93,200.73,280,51654.4027951819,0.8490000000000001,40,25,11,5,20,cluster_2
144,Country: Finland,Year: 1999,2,185.25,253.8,364,26178.791784550802,0.848,4796,2556,1383,632,2452,cluster_2
145,Country: Norway,Year: 1999,2,81.35,106.32,222,36371.3957875661,0.911,3212,1979,1300,400,1493,cluster_2
146,Country: Austria,Year: 1999,1,39.43,82.33,124,27174.2971559775,0.8340000000000001,4055,2791,1742,985,2017,cluster_2
147,Country: Mexico,Year: 1999,1,35.17,46.62,70,5984.34106789082,0.695,2475,1935,1507,1079,1106,cluster_2
148,Country: China,Year: 1999,1,37.4,48.0,60,873.2870617257901,0.585,10775,11323,13612,8649,4358,cluster_2
149,Country: New Zealand,Year: 1999,1,109.3,158.4,132,15322.2238340267,0.865,2733,2131,1091,417,1364,cluster_2
150,Country: Israel,Year: 1999,1,42.4,60.16,94,19133.048197813798,0.85,6041,3786,1970,801,3178,cluster_2
151,Country: Belgium,Year: 1999,1,43.07,90.3,136,25444.1392583071,0.868,6438,3859,2516,1455,3440,cluster_2
152,Country: Taiwan,Year: 1999,1,139.0,144.0,15,,,5717,3786,2661,1171,2697,cluster_2
153,Country: Denmark,Year: 1999,1,33.9,48.0,100,33440.8016200638,0.861,5164,2692,1701,531,2787,cluster_2
154,Country: Netherlands,Year: 2000,14,1160.8200000000004,1493.01,1984,25921.1279408277,0.8759999999999999,14575,6771,3810,2170,8069,cluster_2
155,Country: Italy,Year: 2000,9,854.91,1180.48,1340,20051.2421548342,0.83,21486,13802,7703,4160,10243,cluster_2
156,Country: Sweden,Year: 2000,8,943.12,1423.0399999999993,1778,29283.005046157203,0.897,10583,5772,2951,1652,5423,cluster_2
157,Country: Canada,Year: 2000,8,915.5,1206.4699999999998,1092,24124.169174631006,0.867,23108,13639,7685,3643,12310,cluster_2
158,Country: Switzerland,Year: 2000,8,545.17,796.3299999999998,984,37868.3230595798,0.889,9480,4669,2826,1713,5454,cluster_2
159,Country: Austria,Year: 2000,5,970.6,1435.3,1262,24564.4582948404,0.838,4424,2961,1781,922,2252,cluster_2
160,Country: Australia,Year: 2000,5,629.25,783.9999999999999,672,21669.410913093998,0.898,14788,9580,5365,2212,7232,cluster_2
161,Country: Finland,Year: 2000,4,898.25,1279.8,1200,24253.2504245786,0.858,5201,2850,1442,700,2641,cluster_2
162,Country: South Korea,Year: 2000,4,487.87,614.8,410,11947.579128206102,0.8170000000000001,7961,5886,4392,1981,3566,cluster_2
163,Country: Brazil,Year: 2000,2,144.82999999999996,185.6,232,3739.1161387651796,0.684,5861,5166,3572,1906,2623,cluster_2
164,Country: Spain,Year: 2000,2,143.57999999999996,192.0,184,14676.7060880231,0.825,13917,9512,6499,3011,6801,cluster_2
165,Country: Belgium,Year: 2000,2,141.6,210.3,216,23207.405911007798,0.873,6758,3753,2420,1541,3514,cluster_2
166,Country: Taiwan,Year: 2000,2,310.0,396.0,183,,,6190,4055,3058,1363,3053,cluster_2
167,Country: Denmark,Year: 2000,2,230.0,333.0,222,30743.5591735847,0.863,5561,2907,1791,570,2891,cluster_2
168,Country: Luxembourg,Year: 2000,2,217.2,307.2000000000001,384,48735.995492187,0.855,53,39,24,9,18,cluster_2
169,Country: Saudi Arabia,Year: 2000,2,360.0,531.0,354,9126.95427680596,0.743,608,842,381,200,287,cluster_2
170,Country: Mexico,Year: 2000,1,118.1,153.6,192,6959.388717014879,0.7020000000000001,2803,1938,1496,1002,1233,cluster_2
171,Country: New Zealand,Year: 2000,1,109.3,158.4,132,13640.988889806202,0.8690000000000001,2812,2108,1116,457,1445,cluster_2
172,Country: Hong Kong,Year: 2000,1,441.0,636.0,424,25756.6637783278,0.8270000000000001,3393,2249,1395,636,1735,cluster_2
173,Country: Norway,Year: 2000,1,72.57,96.0,160,38146.7153917477,0.917,3342,2092,1489,506,1571,cluster_2
174,Country: Israel,Year: 2000,1,71.7,89.6,112,21042.9816003225,0.853,6448,4232,2136,866,3414,cluster_2
175,Country: Hungary,Year: 2000,1,59.04,76.8,96,4633.31292266249,0.769,2235,1856,1409,687,939,cluster_2
176,Country: Poland,Year: 2000,1,59.04,76.8,96,4492.7276035593795,0.785,4698,4532,4301,2092,1913,cluster_2
177,Country: France,Year: 2001,23,3892.4,5228.230000000001,3565,22433.555714194503,0.851,29460,16867,12708,8706,15910,cluster_2
178,Country: South Korea,Year: 2001,16,2281.9,3224.0000000000014,1612,11252.907554078301,0.8240000000000001,9130,6427,5062,2408,4392,cluster_2
179,Country: Canada,Year: 2001,11,1622.4000000000005,2181.59,1681,23691.5947188738,0.872,23414,13553,7951,3838,12644,cluster_2
180,Country: Italy,Year: 2001,11,1348.43,1884.6,1278,20400.8111115225,0.8370000000000001,22071,13972,8783,4675,11073,cluster_2
181,Country: Netherlands,Year: 2001,10,1835.0,2503.800000000001,2190,26584.121690627202,0.879,14723,7019,4106,2224,8195,cluster_2
182,Country: Sweden,Year: 2001,5,897.34,1396.4,1480,26969.244574725697,0.9,10995,5835,3044,1832,5754,cluster_2
183,Country: Finland,Year: 2001,4,809.4,1160.2,924,24913.244516358398,0.8640000000000001,5292,2897,1674,904,2829,cluster_2
184,Country: Taiwan,Year: 2001,4,634.9,824.8,385,,,7120,4606,3236,1654,3526,cluster_2
185,Country: Australia,Year: 2001,4,1206.51,1573.2,800,19482.5679026647,0.9,15524,10063,5679,2682,7687,cluster_2
186,Country: Venezuela,Year: 2001,3,299.0,422.4,192,4926.31133879699,0.68,460,437,333,330,240,cluster_2
187,Country: China,Year: 2001,3,395.8,563.2,256,1053.1082430045199,0.602,14359,15999,21562,13511,6137,cluster_2
188,Country: Austria,Year: 2001,3,311.2,446.8,268,24537.5142629883,0.8490000000000001,4653,3075,2015,1159,2378,cluster_2
189,Country: Saudi Arabia,Year: 2001,2,772.0,1080.0,720,8643.49400482948,0.746,604,812,391,245,257,cluster_2
190,Country: Spain,Year: 2001,2,231.2,332.8,192,15323.6113977547,0.828,15079,9925,7404,3568,7573,cluster_2
191,Country: Mexico,Year: 2001,2,218.0,294.4,256,7341.882477822991,0.705,2859,2150,1847,1239,1338,cluster_2
192,Country: Denmark,Year: 2001,2,230.0,333.0,222,30751.649460384302,0.8759999999999999,5654,2856,1827,624,3082,cluster_2
193,Country: Switzerland,Year: 2001,2,238.9,320.0,256,38538.9900530944,0.8909999999999999,9808,4517,2944,1829,5764,cluster_2
194,Country: Belgium,Year: 2001,2,295.4,422.4,192,23121.6011440246,0.8759999999999999,7063,3891,2543,1600,3738,cluster_2
195,Country: Norway,Year: 2001,2,240.2,316.8,284,38549.5893413937,0.916,3593,2092,1619,571,1770,cluster_2
196,Country: Brazil,Year: 2001,2,392.5,563.2,256,3146.94890366357,0.691,6166,5398,4346,2134,2865,cluster_2
197,Country: Luxembourg,Year: 2001,1,137.1,204.8,256,48179.4208526047,0.861,59,49,30,11,34,cluster_2
198,Country: Hong Kong,Year: 2001,1,441.0,636.0,424,25230.2163329516,0.835,4059,2499,1546,806,2051,cluster_2
199,Country: New Zealand,Year: 2001,1,115.9,168.0,140,13882.8568268586,0.873,2870,2164,1106,479,1460,cluster_2
200,Country: Russian Federation,Year: 2001,1,109.1,158.4,72,2100.3623859404197,0.727,6822,5601,10858,14173,3288,cluster_2
201,Country: Portugal,Year: 2001,1,301.0,444.0,296,11729.146162981102,0.79,2273,1527,1043,596,1070,cluster_2
202,Country: Puerto Rico,Year: 2001,1,99.9,140.8,64,18123.198701991798,,239,133,68,60,129,cluster_2
203,Country: Singapore,Year: 2001,1,99.2,140.8,64,21577.0782270996,0.8220000000000001,2804,1933,1338,796,1371,cluster_2
204,Country: France,Year: 2002,22,9644.499999999996,13341.630000000005,6543,24177.3351674642,0.853,30708,17870,13187,9352,16543,cluster_2
205,Country: Italy,Year: 2002,16,5525.800000000002,9043.200000000004,2664,22196.506754722202,0.8420000000000001,23398,14623,9340,5116,11785,cluster_2
206,Country: South Korea,Year: 2002,9,2569.2,4550.2,1284,12782.5255346669,0.8320000000000001,10034,6999,6202,3214,4849,cluster_2
207,Country: Netherlands,Year: 2002,6,2036.4,4270.6,3600,28817.3232079888,0.878,15498,7301,4535,2612,9000,cluster_2
208,Country: Canada,Year: 2002,5,1166.0,1792.1,1136,24167.8043060561,0.877,24362,14261,8845,4961,13178,cluster_2
209,Country: Mexico,Year: 2002,5,1078.2,2060.8,1600,7398.80102021328,0.71,3077,2267,2054,1377,1395,cluster_2
210,Country: Sweden,Year: 2002,5,2256.4400000000005,3795.2,1824,29571.7044643283,0.902,11328,5970,3008,1384,5970,cluster_2
211,Country: China,Year: 2002,5,1899.1,3472.0,960,1148.5082904417,0.611,16826,16420,20997,14970,7597,cluster_2
212,Country: Belgium,Year: 2002,4,884.1000000000001,1308.8000000000004,528,25052.339390085497,0.879,7466,4215,2675,1802,4076,cluster_2
213,Country: Finland,Year: 2002,4,1847.4,3221.2,1308,26834.0262501804,0.867,5387,2946,1668,962,2920,cluster_2
214,Country: Thailand,Year: 2002,3,679.0,966.4,416,2096.05461742145,0.6659999999999999,1010,1313,577,372,517,cluster_2
215,Country: Brazil,Year: 2002,3,589.8,822.4,400,2819.6481201182,0.698,6941,6428,4943,2428,3339,cluster_2
216,Country: Egypt,Year: 2002,3,800.3,2757.4,2560,1210.22924881689,0.62,1265,1249,855,645,503,cluster_2
217,Country: Saudi Arabia,Year: 2002,3,1098.0,3394.0,2768,8655.31153127218,0.748,582,940,431,223,271,cluster_2
218,Country: Norway,Year: 2002,3,1006.3,1497.6,992,43061.150381241605,0.918,3576,2180,1674,622,1788,cluster_2
219,Country: Taiwan,Year: 2002,3,1019.5,1830.4,425,,,7434,4893,3605,1878,3699,cluster_2
220,Country: Australia,Year: 2002,3,1410.3000000000004,2040.0,720,20074.2293129481,0.903,16431,10317,5744,2882,8115,cluster_2
221,Country: Hong Kong,Year: 2002,2,796.5,1236.0,724,24665.8899982779,0.8420000000000001,4365,2561,1595,799,2249,cluster_2
222,Country: Singapore,Year: 2002,2,855.0,1516.8,400,22016.832791636803,0.83,3093,1993,1263,917,1549,cluster_2
223,Country: Spain,Year: 2002,2,410.4,595.2,240,17019.535413660502,0.83,16186,10694,8099,3990,8377,cluster_2
224,Country: South Africa,Year: 2002,2,394.0,540.8,272,2461.35508651066,0.617,2177,2196,1462,608,1051,cluster_2
225,Country: Portugal,Year: 2002,1,393.0,570.0,380,12882.288973030802,0.792,2520,1659,1239,734,1243,cluster_2
226,Country: Russian Federation,Year: 2002,1,734.6,1024.0,768,2375.05904394498,0.732,6830,5624,11055,15219,3338,cluster_2
227,Country: Switzerland,Year: 2002,1,736.6,1331.2,256,41376.3939853959,0.8909999999999999,10059,4846,2991,2028,5942,cluster_2
228,Country: New Zealand,Year: 2002,1,234.8,457.5,132,16874.1874918196,0.8809999999999999,2972,2253,1185,494,1480,cluster_2
229,Country: Austria,Year: 2002,1,204.5,472.0,160,26401.7454564357,0.838,4915,3218,2169,1291,2557,cluster_2
230,Country: Italy,Year: 2003,17,10088.600000000004,16915.84,3944,27387.2263150177,0.847,26096,15961,9708,5852,13034,cluster_2
231,Country: France,Year: 2003,16,14867.483000000002,26160.8,8304,29568.385949667998,0.857,32533,18673,14114,9845,17397,cluster_2
232,Country: South Korea,Year: 2003,14,10686.400000000003,19171.0,4304,14209.3885192557,0.8390000000000001,11705,8181,7297,3731,5424,cluster_2
233,Country: China,Year: 2003,10,10791.321000000002,18481.76,3950,1288.64325183381,0.623,21213,19376,25321,16548,8855,cluster_2
234,Country: Saudi Arabia,Year: 2003,9,6246.549999999998,14432.639999999998,2866,9567.45828531486,0.7559999999999999,722,956,415,298,297,cluster_2
235,Country: Canada,Year: 2003,8,8460.034,18549.76,3482,28172.148830908398,0.882,27475,15791,9622,5485,14941,cluster_2
236,Country: Netherlands,Year: 2003,7,4372.299999999998,6099.0,2272,35245.1640746805,0.883,16936,7858,4639,2701,9584,cluster_2
237,Country: Australia,Year: 2003,6,4928.719,7695.48,1724,23437.3121454327,0.904,17475,10919,6669,3226,8722,cluster_2
238,Country: Spain,Year: 2003,6,2988.677,4416.0,1064,21495.7074076474,0.833,17374,11319,9493,4791,8805,cluster_2
239,Country: Sweden,Year: 2003,5,2938.1609999999996,4861.16,1869,36961.4253671424,0.908,11939,6479,3227,2118,6263,cluster_2
240,Country: Taiwan,Year: 2003,5,3301.1,5347.2,1132,,,8347,5630,3936,1898,4076,cluster_2
241,Country: New Zealand,Year: 2003,4,4429.2,14022.4,2576,21913.708171996102,0.884,3358,2484,1299,618,1756,cluster_2
242,Country: Singapore,Year: 2003,4,2378.333,4038.4,800,23573.628038850602,0.838,3676,2345,1462,840,1868,cluster_2
243,Country: Mexico,Year: 2003,4,4406.049999999998,12756.8,2374,6903.94918769848,0.7170000000000001,3497,2669,2343,1643,1602,cluster_2
244,Country: Norway,Year: 2003,3,1488.0,2048.0,768,50111.654449452195,0.924,4010,2238,1766,675,2031,cluster_2
245,Country: Brazil,Year: 2003,3,1545.0,2508.8,640,3059.58650690802,0.695,7576,6800,5620,2735,3448,cluster_2
246,Country: Hong Kong,Year: 2003,3,1497.9,2741.6,872,23977.0194516698,0.851,4954,2924,1912,888,2599,cluster_2
247,Country: Malaysia,Year: 2003,3,2137.417,5280.0,1100,4463.67589342594,0.731,632,714,651,389,271,cluster_2
248,Country: Switzerland,Year: 2003,3,2387.7,4448.0,944,48087.5831393144,0.8959999999999999,11493,5402,3353,2341,6636,cluster_2
249,Country: Finland,Year: 2003,3,1986.4,3597.0,896,32816.160880213996,0.87,5898,3213,1760,1006,3157,cluster_2
250,Country: India,Year: 2003,2,1700.16,3888.0,854,541.13522787231,0.517,10419,10544,9551,6313,4372,cluster_2
251,Country: Russian Federation,Year: 2003,2,1173.2,1792.0,1024,2975.1327783492493,0.74,7067,5833,9700,13713,3391,cluster_2
252,Country: Denmark,Year: 2003,2,903.4,1184.0,256,40458.7706402839,0.894,6305,3143,2076,735,3416,cluster_2
253,Country: South Africa,Year: 2003,2,871.3,1456.0,416,3678.10281680867,0.615,2348,2324,1593,731,1167,cluster_2
254,Country: Belgium,Year: 2003,2,853.6,1440.0,448,30743.9025377208,0.882,8469,4545,2961,1963,4525,cluster_2
255,Country: Oman,Year: 2003,1,822.8530000000002,1843.2,384,9069.810206054659,0.736,138,147,108,61,66,cluster_2
256,Country: Belarus,Year: 2003,1,423.6,716.8,128,1819.7660592617701,0.705,303,310,385,571,136,cluster_2
257,Country: Portugal,Year: 2003,1,408.2,672.0,192,15772.7333950542,0.7959999999999999,2868,1942,1524,801,1353,cluster_2
258,Country: Luxembourg,Year: 2003,1,408.2,672.0,192,65445.88503074071,0.8640000000000001,73,51,30,27,37,cluster_2
259,Country: Czech Republic,Year: 2003,1,408.2,672.0,192,9773.117502512807,0.8220000000000001,2756,2535,2441,1780,1160,cluster_2
260,Country: Austria,Year: 2003,1,504.3,971.0,192,32222.897241165498,0.8420000000000001,5588,3498,2333,1506,2866,cluster_2
261,Country: Israel,Year: 2003,1,1143.46,3360.0,600,18964.223643652098,0.865,7434,4636,2649,1018,4094,cluster_2
262,Country: Indonesia,Year: 2003,1,638.8,1433.6,256,1064.50944713681,0.624,326,282,169,96,147,cluster_2
263,Country: Poland,Year: 2003,1,641.6,1331.2,256,5693.377763225971,0.804,5961,5664,6353,3604,2482,cluster_2
264,Country: Ireland,Year: 2003,1,408.2,672.0,192,41107.0310569661,0.88,2370,1387,995,456,1185,cluster_2
265,Country: China,Year: 2004,17,31937.180000000004,54347.04,10644,1508.6680978826596,0.635,27411,28097,39378,26792,11959,cluster_2
266,Country: Italy,Year: 2004,15,19196.8,34161.12,7972,31174.561087857997,0.852,27733,17239,11120,6539,13981,cluster_2
267,Country: France,Year: 2004,15,21315.52,35415.0,8632,33741.2651469175,0.86,33824,19473,15290,11772,18356,cluster_2
268,Country: South Korea,Year: 2004,11,16356.15,27132.8,5636,15907.6658340352,0.847,12928,9452,9578,5523,6156,cluster_2
269,Country: India,Year: 2004,8,8154.73,13601.28,2414,621.318376718509,0.526,11734,11488,10211,6823,4904,cluster_2
270,Country: Canada,Year: 2004,7,15830.0,31189.76,5760,31979.8719510723,0.887,29571,17110,11034,6579,16098,cluster_2
271,Country: Brazil,Year: 2004,6,14209.195,26734.28,4448,3623.049912092991,0.698,8705,8212,6705,3273,3936,cluster_2
272,Country: Mexico,Year: 2004,5,8498.0,15508.8,2726,7310.96163086246,0.7240000000000001,3816,2776,2601,1825,1788,cluster_2
273,Country: Australia,Year: 2004,5,6389.726999999999,9621.12,1520,30401.5547862944,0.907,19292,12467,7262,3814,9872,cluster_2
274,Country: Netherlands,Year: 2004,5,6368.72,8934.2,1712,39954.6422157907,0.8859999999999999,18046,8154,5041,3371,10473,cluster_2
275,Country: Sweden,Year: 2004,4,4642.2,6137.6,1232,42442.2204473133,0.8959999999999999,12418,6654,3492,2354,6614,cluster_2
276,Country: Israel,Year: 2004,3,7250.39,12662.4,2120,19892.059509394097,0.868,7741,4723,2674,1118,4282,cluster_2
277,Country: Portugal,Year: 2004,3,3240.0,4032.0,672,18045.588099483302,0.797,3327,2055,1850,1020,1717,cluster_2
278,Country: Switzerland,Year: 2004,3,4076.1,11632.0,2092,53340.147655778,0.901,12725,5827,3789,2691,7254,cluster_2
279,Country: Saudi Arabia,Year: 2004,3,6438.51,15088.0,2498,11138.807464899699,0.765,648,1012,473,331,248,cluster_2
280,Country: Spain,Year: 2004,3,22691.0,34579.0,4300,24918.645841999398,0.8370000000000001,19104,11910,10725,5597,10064,cluster_2
281,Country: South Africa,Year: 2004,3,3389.1,5376.0,896,4745.07168450977,0.613,2653,2482,1768,792,1317,cluster_2
282,Country: New Zealand,Year: 2004,2,4052.0,12633.6,2256,25420.070413486494,0.8859999999999999,3584,2864,1547,727,1820,cluster_2
283,Country: Russian Federation,Year: 2004,2,2251.6,3568.0,752,4102.3722935487895,0.746,7091,5924,10521,14649,3429,cluster_2
284,Country: Taiwan,Year: 2004,2,3055.0,4224.0,724,,,9583,6391,4438,2516,4798,cluster_2
285,Country: Belarus,Year: 2004,1,2032.0,2534.4,576,2378.62328600741,0.715,337,265,415,675,155,cluster_2
286,Country: Venezuela,Year: 2004,1,1198.1,1536.0,256,4271.3724036473495,0.7,521,480,346,368,269,cluster_2
287,Country: Finland,Year: 2004,1,1170.0,2253.0,512,37636.1117341753,0.8909999999999999,5993,3410,1910,1133,3128,cluster_2
288,Country: Malaysia,Year: 2004,1,1119.44,2457.6,512,4955.47774271198,0.7340000000000001,743,833,719,494,335,cluster_2
289,Country: Singapore,Year: 2004,1,1015.5,1638.4,256,27405.2713554901,0.845,4223,2606,1700,1189,2200,cluster_2
290,Country: Indonesia,Year: 2004,1,854.7669999999998,1433.6,256,1148.5690961840899,0.629,420,293,164,97,206,cluster_2
291,Country: Hong Kong,Year: 2004,1,854.7669999999998,1433.6,256,24928.100372255096,0.862,5303,3166,2111,1259,2782,cluster_2
292,Country: Australia,Year: 2005,11,34460.26,54918.8,8394,33961.6818019217,0.908,20592,13179,7765,4404,10536,cluster_2
293,Country: Israel,Year: 2005,9,23514.01,43270.4,6452,20557.124078202,0.872,7768,4607,2738,1300,4405,cluster_2
294,Country: France,Year: 2005,8,23512.480000000003,36572.0,7930,34760.1877663866,0.8690000000000001,36215,19729,15679,12633,19682,cluster_2
295,Country: South Korea,Year: 2005,7,31599.1,44043.72,5152,18639.5222053842,0.855,14442,10028,11037,6914,6876,cluster_2
296,Country: Italy,Year: 2005,6,14536.83,23252.48,4740,31959.2629518749,0.857,29219,16975,11257,7763,15197,cluster_2
297,Country: Canada,Year: 2005,6,22048.0,41424.0,6708,36189.5883840265,0.892,32935,18654,11784,6882,17881,cluster_2
298,Country: Saudi Arabia,Year: 2005,4,11965.7,24518.4,3936,13739.8294463775,0.77,672,911,480,353,308,cluster_2
299,Country: Brazil,Year: 2005,4,12408.56,23668.68,3844,4770.18384511293,0.7,9363,8588,7387,3601,4253,cluster_2
300,Country: India,Year: 2005,4,11378.88,21691.2,3354,707.008019015027,0.535,13077,12941,11666,7914,5439,cluster_2
301,Country: New Zealand,Year: 2005,4,9882.65,23520.0,3768,27750.7248353584,0.888,4017,3070,1577,792,2036,cluster_2
302,Country: Switzerland,Year: 2005,4,34368.0,48526.4,14888,54952.6737181498,0.905,13348,6032,4230,3046,7905,cluster_2
303,Country: Netherlands,Year: 2005,4,33320.37,43176.6,13760,41577.160088375495,0.8909999999999999,19544,8937,5435,3450,11313,cluster_2
304,Country: Taiwan,Year: 2005,3,7561.6,12204.8,2152,,,11109,6895,5153,2935,5461,cluster_2
305,Country: Mexico,Year: 2005,3,6078.0,11860.8,2118,8089.40903640424,0.728,4057,3098,2678,2208,1845,cluster_2
306,Country: Spain,Year: 2005,2,29770.6,44385.92,4924,26510.717453342597,0.8440000000000001,21121,12905,11532,6818,11248,cluster_2
307,Country: Ireland,Year: 2005,2,5515.0,8052.0,1680,50878.6395176066,0.8959999999999999,3118,1848,1513,1004,1566,cluster_2
308,Country: Belgium,Year: 2005,2,4650.8,8320.0,1300,36967.259183968796,0.889,9857,5233,3674,2597,5374,cluster_2
309,Country: Norway,Year: 2005,2,4024.8,7200.0,1000,66775.3943971756,0.932,4984,2767,2046,918,2568,cluster_2
310,Country: Sweden,Year: 2005,1,4999.0,6025.0,886,43085.353145957,0.899,13058,6933,3684,2557,7095,cluster_2
311,Country: Russian Federation,Year: 2005,1,5355.0,8131.2,924,5323.47387655593,0.752,7193,5889,10473,15413,3520,cluster_2
312,Country: Denmark,Year: 2005,1,2791.0,5324.8,1024,48799.8203703247,0.903,6963,3514,2532,981,3886,cluster_2
313,Country: Belarus,Year: 2005,1,2032.0,2534.4,576,3125.8105350285305,0.725,328,301,386,644,146,cluster_2
314,Country: Bulgaria,Year: 2005,1,1860.4,3328.0,640,3869.5294551051093,0.75,911,847,843,791,419,cluster_2
315,Country: Indonesia,Year: 2005,1,1788.8,3200.0,500,1260.92883370077,0.632,440,351,214,115,206,cluster_2
316,Country: South Africa,Year: 2005,1,1716.5,2304.0,384,5277.92545855196,0.614,2929,2602,1737,908,1423,cluster_2
317,Country: Finland,Year: 2005,1,1710.15,1824.0,304,38969.171631813,0.895,6162,3469,2054,1333,3245,cluster_2
318,Country: France,Year: 2006,12,99870.5,140127.2,28080,36443.6234414411,0.8740000000000001,37973,21541,16854,14072,20508,cluster_1
319,Country: India,Year: 2006,10,34162.36,61520.0,10908,792.025969759363,0.545,15326,15296,13330,8858,6462,cluster_1
320,Country: Italy,Year: 2006,8,39171.74,68663.68,12616,33410.7474398337,0.862,31328,19156,12563,8021,15948,cluster_1
321,Country: Canada,Year: 2006,8,37316.6,61905.6,11184,40386.6994835116,0.895,35532,20407,12744,7293,19418,cluster_1
322,Country: Spain,Year: 2006,7,91600.19999999997,137926.40000000002,15208,28482.6094833461,0.848,23532,14129,12206,7738,12574,cluster_1
323,Country: South Korea,Year: 2006,6,33715.3,49347.6,7764,20888.3801505326,0.862,15659,11556,13417,7739,7628,cluster_1
324,Country: Switzerland,Year: 2006,5,47682.0,60291.2,15388,57579.5019538093,0.912,14532,6698,4733,3141,8475,cluster_1
325,Country: Brazil,Year: 2006,4,13668.38,24871.88,3780,5860.145829417521,0.7020000000000001,10633,10928,10487,5146,4720,cluster_1
326,Country: Australia,Year: 2006,4,20670.9,30961.36,4888,36019.203051188,0.911,22730,14715,8742,4744,11921,cluster_1
327,Country: Saudi Arabia,Year: 2006,4,11965.7,24518.4,3936,15334.6699396085,0.777,734,981,560,381,291,cluster_1
328,Country: Malaysia,Year: 2006,3,12124.66,21160.0,3554,6222.9829548197495,0.737,962,1232,1162,921,423,cluster_1
329,Country: Norway,Year: 2006,3,17472.71,26956.8,3008,74114.697150083,0.936,5697,2971,2191,1080,2974,cluster_1
330,Country: Russian Federation,Year: 2006,2,9704.53,15874.4,2460,6920.194397836079,0.759,7035,5663,10324,16453,3451,cluster_1
331,Country: Israel,Year: 2006,2,7510.0,16224.0,2584,21827.8231724236,0.872,8225,4881,3008,1403,4550,cluster_1
332,Country: Netherlands,Year: 2006,2,31113.5,40960.0,13312,44453.97119462121,0.897,20862,9617,5889,3615,12062,cluster_1
333,Country: Singapore,Year: 2006,2,6324.3,7827.2,1168,33579.8594757016,0.871,5220,2999,2064,1303,2877,cluster_1
334,Country: South Africa,Year: 2006,2,5696.0,10752.0,3072,5506.196503014648,0.616,3162,2847,2085,1110,1577,cluster_1
335,Country: Taiwan,Year: 2006,2,5534.6,9900.8,1768,,,12666,7820,6038,3638,6438,cluster_1
336,Country: Mexico,Year: 2006,1,5090.0,7072.0,1360,8859.71535391932,0.736,4319,3115,3128,2663,2029,cluster_1
337,Country: Sweden,Year: 2006,1,4999.0,6025.0,886,46256.4716010495,0.902,13728,7158,3777,2385,7312,cluster_1
338,Country: United Arab Emirates,Year: 2006,1,4713.0,5734.0,2048,42372.2216623658,0.83,428,371,271,152,188,cluster_1
339,Country: Belgium,Year: 2006,1,4492.8,8320.0,1300,38852.3729277437,0.8959999999999999,10210,5446,3759,2595,5630,cluster_1
340,Country: Finland,Year: 2006,1,8200.2,10649.0,2048,41120.6765061581,0.899,6710,3676,2176,1392,3550,cluster_1
341,Country: New Zealand,Year: 2006,1,3755.0,7200.0,1000,26671.3294177179,0.8909999999999999,4231,3211,1652,835,2187,cluster_1
342,Country: Turkey,Year: 2006,1,3288.1,5219.2,560,8034.60667553683,0.701,7199,8870,7043,3256,2765,cluster_1
343,Country: Ireland,Year: 2006,1,3142.0,4646.0,968,54306.9131006241,0.902,3529,2102,1538,857,1858,cluster_1
344,Country: Denmark,Year: 2006,1,2791.0,5324.8,1024,52026.9931124155,0.905,7576,3887,2509,976,4116,cluster_1
345,Country: Japan,Year: 2007,20,291118.05,405634.2,64218,35275.228431266696,0.88,46293,37496,27963,19094,23079,cluster_2
346,Country: France,Year: 2007,17,222555.22,342988.17,54548,41508.4326882318,0.8759999999999999,39858,21443,17428,14803,22180,cluster_2
347,Country: Taiwan,Year: 2007,11,102966.35,162821.0,14024,,,13800,8399,6050,3867,7296,cluster_2
348,Country: China,Year: 2007,10,87176.1,155855.9,22836,2695.36591709669,0.675,50214,49261,76322,63493,23620,cluster_2
349,Country: India,Year: 2007,9,194523.69,303651.5,34932,1018.16637300127,0.556,17277,16588,14576,9850,7509,cluster_2
350,Country: Spain,Year: 2007,9,137451.95,212224.6,24332,32709.4010383771,0.853,25670,15343,12945,8280,13794,cluster_2
351,Country: Sweden,Year: 2007,7,186176.5,278732.8,27720,53324.379372475596,0.905,14234,7532,3991,2420,7833,cluster_2
352,Country: Russian Federation,Year: 2007,7,82615.43,122755.8,11796,9101.25308480437,0.767,7134,5738,10765,16875,3632,cluster_2
353,Country: Switzerland,Year: 2007,7,74568.45999999999,102418.2,20368,63555.2374995504,0.915,15480,6943,4659,3248,9340,cluster_2
354,Country: Netherlands,Year: 2007,6,65154.2,91367.4,17864,51241.31561701661,0.904,22168,9908,5887,3423,12900,cluster_2
355,Country: Italy,Year: 2007,6,69111.58,172165.1,23040,37698.786648397596,0.866,33760,20786,13665,9213,17338,cluster_2
356,Country: Finland,Year: 2007,5,43986.90000000001,66294.0,7832,48288.549097818606,0.901,6971,3836,2308,1334,3782,cluster_2
357,Country: Canada,Year: 2007,5,32139.7,50182.60000000001,7178,44544.526800403895,0.897,37423,21523,13515,7728,20784,cluster_2
358,Country: Norway,Year: 2007,3,28238.71,79666.2,7616,85170.86216621571,0.938,6135,3393,2310,1124,3095,cluster_2
359,Country: Malaysia,Year: 2007,3,27693.98,52647.1,5448,7269.1711404201415,0.75,1248,1329,1281,1020,600,cluster_2
360,Country: Turkey,Year: 2007,2,13806.17,21575.0,2312,9709.72002232725,0.708,8048,9494,7615,3642,3328,cluster_2
361,Country: Egypt,Year: 2007,1,9949.0,24192.0,2016,1640.47606839651,0.65,1817,2031,1515,1013,771,cluster_2
362,Country: New Zealand,Year: 2007,1,9433.0,11468.8,4096,32510.082699939197,0.894,4550,3413,1795,826,2367,cluster_2
363,Country: Australia,Year: 2007,1,8974.0,9830.0,1536,40905.470893684505,0.915,24389,15195,8988,4795,12926,cluster_2
364,Country: Indonesia,Year: 2007,1,8021.0,12339.0,1928,1855.09391519178,0.642,489,411,255,119,222,cluster_2
365,Country: Luxembourg,Year: 2007,1,7776.1,13122.6,1408,106018.492790674,0.888,176,106,87,49,96,cluster_2
366,Country: Singapore,Year: 2007,1,7739.17,11945.0,1280,39223.5818748702,0.878,5412,2967,1837,1120,3205,cluster_2
367,Country: Belgium,Year: 2007,1,7596.8,12528.0,1044,44403.7668991523,0.899,11265,5974,4041,2515,6242,cluster_2
368,Country: South Korea,Year: 2007,1,15706.0,18442.0,1020,23060.707883671603,0.8690000000000001,17536,12547,14153,8000,8625,cluster_2
369,Country: Poland,Year: 2007,1,6356.15,15456.0,1288,11255.4366982999,0.8190000000000001,7362,7212,8088,6229,3248,cluster_2
370,Country: Brazil,Year: 2007,1,6210.0,9555.0,1024,7313.55777336115,0.705,11366,12063,11827,5835,5101,cluster_2
371,Country: Denmark,Year: 2007,1,5949.4,12563.2,2416,58487.0450116405,0.904,7921,3975,2622,1011,4363,cluster_2
372,Country: Japan,Year: 2008,17,522980.8,734926.3999999998,106984,39339.2975731826,0.8809999999999999,46154,36590,27913,19199,23694,cluster_2
373,Country: China,Year: 2008,15,520961.5999999999,844191.8,90400,3471.2480543115003,0.685,58156,56001,79292,67381,28848,cluster_2
374,Country: Italy,Year: 2008,11,182434.2,307439.9,35248,40640.183858169104,0.868,35413,21881,14092,8932,18236,cluster_2
375,Country: India,Year: 2008,8,259394.2,368501.2,37488,991.484630405176,0.564,18387,18042,16874,11702,8122,cluster_2
376,Country: Sweden,Year: 2008,8,274790.9,405047.4,39084,55746.8423811175,0.901,14443,7483,3874,2239,7988,cluster_2
377,Country: Russian Federation,Year: 2008,8,222968.1,285754.1,31840,11635.26037297,0.774,7274,5748,10633,17637,3609,cluster_2
378,Country: Poland,Year: 2008,6,116998.69999999998,172675.0,16600,14001.4468819804,0.8240000000000001,7729,7487,9128,7255,3369,cluster_2
379,Country: Spain,Year: 2008,6,153201.3,231953.2,26616,35579.3099338804,0.856,27711,16229,13845,8685,15072,cluster_2
380,Country: New Zealand,Year: 2008,4,109109.2,204800.0,20480,31287.7786475125,0.894,4790,3477,1923,915,2493,cluster_2
381,Country: Switzerland,Year: 2008,4,81565.0,109846.2,18160,72487.8459296849,0.917,16251,7306,5148,3110,9861,cluster_2
382,Country: Denmark,Year: 2008,3,46472.2,55585.2,5440,64322.0666441526,0.909,8371,4210,2805,1006,4683,cluster_2
383,Country: Netherlands,Year: 2008,3,111505.7,138752.0,27904,56928.820475680586,0.906,22924,10580,6473,3752,13297,cluster_2
384,Country: Norway,Year: 2008,2,72454.0,110984.5,11182,97007.9418918692,0.938,6538,3609,2246,1163,3323,cluster_2
385,Country: Canada,Year: 2008,2,70479.1,88953.6,6800,46596.3359912609,0.899,39359,22605,13924,7396,21621,cluster_2
386,Country: Belgium,Year: 2008,2,35432.0,58165.4,5552,48424.575596314695,0.899,11736,6418,4414,2701,6408,cluster_2
387,Country: Taiwan,Year: 2008,2,33592.0,48960.0,4080,,,15327,9384,6609,3575,8393,cluster_2
388,Country: Brazil,Year: 2008,2,31778.5,53355.4,5008,8787.61065756604,0.716,12581,13791,13694,6915,5583,cluster_2
389,Country: Ireland,Year: 2008,1,25110.0,28672.0,2560,61257.896890275595,0.908,4382,2567,1736,900,2341,cluster_2
390,Country: Israel,Year: 2008,1,24670.0,61152.0,5096,29531.5721632187,0.88,8780,5043,3066,1471,5011,cluster_2
391,Country: Bulgaria,Year: 2008,1,23415.0,27850.0,8192,7261.7544920027685,0.7709999999999999,1011,917,1126,749,433,cluster_2
392,Country: South Africa,Year: 2008,1,23415.0,27850.0,8192,5695.05786031968,0.633,3913,3317,2394,1292,1974,cluster_2
393,Country: Australia,Year: 2008,1,21905.7,40960.0,4096,49535.257873776914,0.92,26946,16280,9998,5152,14497,cluster_2
394,Country: Malaysia,Year: 2008,1,20442.4,38223.9,4096,8513.6295414071,0.7609999999999999,1408,1848,1852,1461,723,cluster_2
395,Country: Finland,Year: 2008,1,76510.0,99507.0,10816,53401.314872519804,0.904,7223,3945,2345,1283,3892,cluster_2
396,Country: Mexico,Year: 2008,1,18480.0,25440.0,2120,9765.71680588736,0.742,4798,3789,3722,2893,2284,cluster_2
397,Country: South Korea,Year: 2008,1,16990.0,24576.0,3072,20430.6394600807,0.8740000000000001,19362,14756,13314,5891,9632,cluster_2
398,Country: Slovenia,Year: 2008,1,36752.5,49152.0,4096,27501.8102703687,0.878,1567,1368,1177,751,767,cluster_2
399,Country: Japan,Year: 2009,16,994211.0,1308591.6,125320,40855.1756354596,0.88,46230,36371,30778,21591,24427,cluster_2
400,Country: Canada,Year: 2009,9,439783.0,661944.8,60340,40773.4543637445,0.899,41681,24002,15050,8205,23306,cluster_2
401,Country: Russian Federation,Year: 2009,8,646245.5,822671.6,77992,8562.809598423979,0.7709999999999999,7149,6057,10553,19047,3702,cluster_2
402,Country: New Zealand,Year: 2009,8,233222.0,422649.6,40688,28201.2322839936,0.898,4972,3586,2131,1161,2639,cluster_2
403,Country: Austria,Year: 2009,8,219920.3,266644.3,23222,47963.1794023217,0.8859999999999999,7773,4841,3706,2713,4279,cluster_2
404,Country: Sweden,Year: 2009,7,300733.5000000001,423616.4,39500,46207.0592032962,0.899,15192,7986,4334,2540,8522,cluster_2
405,Country: Italy,Year: 2009,6,200688.7,272839.7,21968,36976.8455340664,0.868,37385,22664,14615,10510,19608,cluster_2
406,Country: Spain,Year: 2009,6,205897.2,310011.6,32992,32334.0054777912,0.858,29994,17226,15016,10496,16496,cluster_2
407,Country: Switzerland,Year: 2009,5,346885.0,417933.0,52360,69927.4687701171,0.927,17450,7613,5268,3327,10778,cluster_2
408,Country: Saudi Arabia,Year: 2009,4,310864.9,370283.0,77920,16094.2930975756,0.7959999999999999,1178,1420,1114,733,574,cluster_2
409,Country: India,Year: 2009,3,199257.1,279701.8,23416,1090.3177645434,0.57,19766,19626,20098,13493,8725,cluster_2
410,Country: Netherlands,Year: 2009,3,110652.7,155970.2,21336,51900.340094845305,0.906,25292,11326,7012,4251,14810,cluster_2
411,Country: Poland,Year: 2009,3,81391.5,130531.0,13416,11527.5932279825,0.828,8177,7675,9097,7864,3654,cluster_2
412,Country: Israel,Year: 2009,2,49340.0,148373.6,13272,27709.1175378506,0.882,8663,5131,3109,1481,4942,cluster_2
413,Country: Norway,Year: 2009,2,72454.0,110984.5,11182,80067.1766382996,0.938,7092,3990,3056,1464,3672,cluster_2
414,Country: Finland,Year: 2009,2,103047.2,151547.4,14584,47107.155709070496,0.899,7441,4250,2597,1484,4111,cluster_2
415,Country: South Korea,Year: 2009,2,298170.0,338159.0,27768,18291.9195978633,0.8690000000000001,21531,16196,14241,6237,10557,cluster_2
416,Country: Australia,Year: 2009,1,21905.7,40960.0,4096,42709.8033034787,0.921,29561,17682,10995,6021,15951,cluster_2
417,Country: Belgium,Year: 2009,1,22731.0,42485.4,3984,44880.57301962269,0.899,12683,6519,4656,2902,7226,cluster_2
418,Country: Singapore,Year: 2009,1,23482.0,28128.0,2400,38577.5582156126,0.884,6483,3386,2186,1245,3990,cluster_2
419,Country: Bulgaria,Year: 2009,1,23862.0,27850.0,8192,6969.558556683571,0.774,1033,874,1331,974,459,cluster_2
420,Country: Hong Kong,Year: 2009,1,32325.0,56672.0,5600,30697.340383517003,0.898,6880,3855,2334,1324,3903,cluster_2
421,Country: Ireland,Year: 2009,1,25110.0,28672.0,2560,52104.034723116914,0.906,4975,2805,1975,1032,2705,cluster_2
422,Country: South Africa,Year: 2009,1,25440.0,30860.8,2624,5831.1155741887915,0.642,4165,3597,2736,1653,2173,cluster_2
423,Country: Slovenia,Year: 2009,1,36752.5,49152.0,4096,24633.7978523083,0.878,1678,1365,1317,782,838,cluster_2
424,Country: Brazil,Year: 2009,1,64630.0,72396.8,6464,8553.381368256949,0.718,13501,14559,15115,8235,6154,cluster_2
425,Country: Malaysia,Year: 2009,1,20442.4,38223.9,4096,7326.744434864591,0.765,2156,2489,2915,2328,1130,cluster_2
426,Country: Russian Federation,Year: 2010,11,867729.7,1143792.7,102184,10674.987707365,0.78,6997,5793,11302,19646,3556,cluster_2
427,Country: Canada,Year: 2010,6,422401.2,629706.9,56836,47447.4760241936,0.902,42502,24590,15630,8582,23707,cluster_2
428,Country: Italy,Year: 2010,6,254075.8,336456.49999999994,27680,35849.3731979401,0.87,37988,23471,15735,10575,19503,cluster_2
429,Country: Poland,Year: 2010,6,285440.5,398080.2,39480,12599.5335818707,0.835,8474,7799,9565,8618,3724,cluster_2
430,Country: Sweden,Year: 2010,6,367030.0,476086.7,50488,52076.2559134864,0.905,15809,8141,4402,2845,8938,cluster_2
431,Country: Saudi Arabia,Year: 2010,6,437434.9,514297.0,90208,19259.5872568465,0.8079999999999999,1853,1996,1584,1011,893,cluster_2
432,Country: New Zealand,Year: 2010,5,157639.0,296800.0,29680,33692.0108346543,0.899,5468,3913,2167,1064,2913,cluster_2
433,Country: India,Year: 2010,4,257243.0,333005.0,25808,1345.77015320926,0.581,20979,21796,24132,17715,9044,cluster_2
434,Country: Switzerland,Year: 2010,4,317895.0,383373.0,49480,74605.7210207051,0.932,18404,7887,5664,3742,11319,cluster_2
435,Country: Australia,Year: 2010,4,315738.7,444622.0,30744,51936.888711646105,0.923,31162,18916,12119,7205,16818,cluster_2
436,Country: South Korea,Year: 2010,3,907600.0,1065455.0,116472,22086.952919320098,0.884,23449,17968,15956,6850,11670,cluster_2
437,Country: Spain,Year: 2010,3,138513.0,211741.4,22496,30736.6278530812,0.865,32194,17946,15305,11162,17825,cluster_2
438,Country: Norway,Year: 2010,3,107747.5,177366.6,16846,87770.26684434009,0.942,7416,4269,2927,1559,3837,cluster_2
439,Country: Brazil,Year: 2010,2,269730.0,330444.8,37184,11224.1540829355,0.727,14102,15053,16528,9531,6404,cluster_2
440,Country: Netherlands,Year: 2010,2,83202.7,121563.8,9048,50338.2548273725,0.91,26952,11598,7205,4537,15899,cluster_2
441,Country: Belgium,Year: 2010,2,83840.0,151471.8,16704,44380.1766327308,0.903,13208,7096,4955,3062,7442,cluster_2
442,Country: Singapore,Year: 2010,2,64957.4,95330.0,8640,46569.6795060716,0.909,7221,3660,2186,1412,4476,cluster_2
443,Country: Denmark,Year: 2010,2,82587.0,156139.5,13908,58041.4112245601,0.91,9688,4845,3249,1290,5520,cluster_2
444,Country: Finland,Year: 2010,1,76510.0,101997.0,10864,46202.4151628454,0.903,7634,4244,2618,1541,4251,cluster_2
445,Country: Slovenia,Year: 2010,1,36752.5,49152.0,4096,23437.472021138707,0.882,1638,1435,1314,806,866,cluster_2
446,Country: Ireland,Year: 2010,1,36560.0,40857.6,3840,48671.8882936068,0.909,5360,3120,2233,1240,2961,cluster_2
447,Country: Austria,Year: 2010,1,35480.0,38836.0,3650,46858.0432733717,0.895,8540,5083,3616,2712,4710,cluster_2
448,Country: Hong Kong,Year: 2010,1,32325.0,56672.0,5600,32549.998231121,0.901,6439,3668,2217,1334,3673,cluster_2
449,Country: Japan,Year: 2011,30,14224106.390000004,17223334.740000006,1057854,48167.9972684965,0.89,47535,36689,29627,22682,25571,cluster_2
450,Country: United Kingdom,Year: 2011,27,2771502.98,3868494.64,304400,41412.3492395708,0.899,81818,43944,28686,17268,46272,cluster_2
451,Country: France,Year: 2011,23,3709337.4,4759186.78,458136,43790.7353990492,0.884,49159,24462,20443,17407,28468,cluster_2
452,Country: Germany,Year: 2011,20,3631255.33,4773673.880000001,612672,46810.327958805705,0.926,68955,34388,29565,23379,39829,cluster_2
453,Country: Canada,Year: 2011,9,1249486.5,1744525.68,137200,52082.2107601003,0.905,45090,24861,15776,8688,25346,cluster_2
454,Country: Poland,Year: 2011,6,439119.0,650103.5599999999,50944,13893.509259001,0.8390000000000001,9242,8465,9964,8777,4078,cluster_2
455,Country: Russian Federation,Year: 2011,5,1043069.2,1869298.4,75912,14351.2120537753,0.789,7628,6174,11784,21048,3948,cluster_2
456,Country: Italy,Year: 2011,4,426219.0,666698.9400000001,41200,38334.6838499718,0.875,40549,24518,16500,10363,21446,cluster_2
457,Country: Australia,Year: 2011,4,353753.52,479797.92,35424,62411.785447396105,0.925,34740,20203,12109,6448,19103,cluster_2
458,Country: South Korea,Year: 2011,3,907600.0,1065455.04,116472,24079.788523886,0.888,26080,19321,17541,7995,13534,cluster_2
459,Country: Switzerland,Year: 2011,3,409690.0,607459.2,59968,88415.6280609527,0.932,20256,8407,5905,3557,12481,cluster_2
460,Country: Sweden,Year: 2011,3,396460.0,547861.2,63464,59593.28711197191,0.906,17059,8338,4898,3056,9784,cluster_2
461,Country: Ireland,Year: 2011,3,194814.0,270950.4,24192,52186.4962698666,0.895,5789,3153,2365,1208,3264,cluster_2
462,Country: Saudi Arabia,Year: 2011,3,317470.0,366836.4,77824,23770.747386207204,0.823,3074,2798,2323,1467,1520,cluster_2
463,Country: Israel,Year: 2011,3,213056.56,442031.1599999999,37716,33689.8385335933,0.892,9359,5141,3134,1514,5509,cluster_2
464,Country: Spain,Year: 2011,3,239060.0,380577.44,19704,31835.2888008408,0.87,35558,18988,16250,11721,20266,cluster_2
465,Country: Taiwan,Year: 2011,2,247530.0,380195.0,30996,,,19022,10872,8135,4565,10473,cluster_2
466,Country: India,Year: 2011,2,187910.0,242995.2,18128,1461.67195733892,0.591,23764,24287,27035,20750,10699,cluster_2
467,Country: Austria,Year: 2011,2,205970.0,241204.0,26248,51374.9584066934,0.897,9374,5301,3983,2773,5192,cluster_2
468,Country: Denmark,Year: 2011,2,213464.0,281979.84,25912,61753.6600721804,0.922,10783,5182,3543,1392,6177,cluster_2
469,Country: Brazil,Year: 2011,2,269730.0,330444.8,37184,13167.472891753301,0.731,15788,16088,17125,9501,7345,cluster_2
470,Country: Finland,Year: 2011,1,76510.0,101996.8,10864,50790.7241454802,0.907,8224,4370,2801,1566,4602,cluster_2
471,Country: Belgium,Year: 2011,1,64597.0,151471.87,16704,47702.811894168495,0.904,14561,7307,5042,3056,8341,cluster_2
472,Country: South Africa,Year: 2011,1,61330.0,74257.92,6336,7976.466077040959,0.657,5061,4384,3263,2031,2624,cluster_2
473,Country: Singapore,Year: 2011,1,52633.0,98995.0,9304,53237.5649111969,0.914,7805,3777,2401,1312,5116,cluster_2
474,Country: Japan,Year: 2012,32,19448399.0,23362194.129999995,1389142,48603.4766497749,0.895,48229,38207,29580,24135,26881,cluster_2
475,Country: United Kingdom,Year: 2012,24,7260688.379999999,9393792.3,567152,41790.7791407408,0.898,87642,45219,28461,18806,51904,cluster_2
476,Country: France,Year: 2012,21,6413594.4,7887715.1000000015,620348,40874.715955798,0.8859999999999999,51453,24904,20464,19120,31418,cluster_2
477,Country: Germany,Year: 2012,19,10178295.84,12404695.2,875038,44065.2489082767,0.928,73051,35153,30681,25054,45032,cluster_2
478,Country: Canada,Year: 2012,11,1858445.7,2429518.3200000003,196744,52496.6948704709,0.908,48295,26065,16332,8945,28233,cluster_2
479,Country: Russian Federation,Year: 2012,8,1990634.0,3405775.2,179200,15434.5747807126,0.7979999999999999,8375,6059,11568,19120,4832,cluster_2
480,Country: India,Year: 2012,8,1167757.8,1757794.0,84148,1446.98540954319,0.6,27441,28606,31583,24217,11933,cluster_2
481,Country: Italy,Year: 2012,7,2424814.39,3129930.94,222480,34814.1251168487,0.8740000000000001,44173,25434,17678,12039,24470,cluster_2
482,Country: Australia,Year: 2012,7,2196914.32,2689830.92,165828,67864.6898624672,0.929,38338,21655,13039,7185,21902,cluster_2
483,Country: Sweden,Year: 2012,6,993201.6,1295398.8,106080,57134.0770682404,0.908,18745,8949,5113,3257,11254,cluster_2
484,Country: Switzerland,Year: 2012,4,978980.0,1254713.8,84416,83538.2300783858,0.935,22045,8746,6311,4275,14325,cluster_2
485,Country: Poland,Year: 2012,4,589563.0,947091.36,66690,13145.539262786499,0.836,10623,9398,12075,8092,4912,cluster_2
486,Country: South Korea,Year: 2012,4,1014400.0,1291919.04,124536,24358.7821758226,0.89,28959,22651,17356,8876,15342,cluster_2
487,Country: Norway,Year: 2012,3,735400.0,873164.4,54400,101668.17065865199,0.942,9059,4738,3410,1814,5120,cluster_2
488,Country: Saudi Arabia,Year: 2012,3,719300.0,1464275.4,116176,25303.094621302997,0.835,4264,3683,3115,1842,2130,cluster_2
489,Country: Finland,Year: 2012,3,437691.0,527980.8,31344,47415.5598711351,0.908,8885,4479,2805,1688,5135,cluster_2
490,Country: Taiwan,Year: 2012,3,356625.2,556484.0,38520,,,19719,11927,7605,4951,10505,cluster_2
491,Country: Brazil,Year: 2012,2,465700.0,824637.6,48512,12291.466852329098,0.736,18324,17081,18911,10940,8907,cluster_2
492,Country: Spain,Year: 2012,2,740085.0,883092.44,39208,28563.8590381915,0.873,39395,20968,16224,12714,23247,cluster_2
493,Country: Denmark,Year: 2012,1,162098.0,183675.84,15672,58507.5002096272,0.924,12208,5365,3042,2413,7397,cluster_2
494,Country: Austria,Year: 2012,1,152900.0,182829.0,20776,48567.69528642,0.899,10061,5235,3981,3222,6016,cluster_2
495,Country: Belgium,Year: 2012,1,152347.9,175718.0,8448,44740.5832481477,0.905,15511,7601,5454,3516,9230,cluster_2
496,Country: Mexico,Year: 2012,1,92282.1,116813.0,5616,9940.46882245558,0.757,6166,4607,4485,3909,3223,cluster_2
497,Country: Israel,Year: 2012,1,77696.0,161595.0,13788,32525.9565867323,0.893,9852,5299,3240,1763,6017,cluster_2
498,Country: Slovakia,Year: 2012,1,76533.0,94274.0,3072,17274.6423040509,0.8420000000000001,1658,1527,1646,1304,845,cluster_2
499,Country: Japan,Year: 2013,28,22472218.0,28925862.01,1558880,40454.447457890295,0.899,49971,38849,28212,23408,27011,cluster_2
500,Country: United Kingdom,Year: 2013,23,9058328.5,11380215.22,627120,42724.0678844007,0.915,95125,48438,28582,18051,56842,cluster_2
501,Country: France,Year: 2013,22,9489912.4,11228571.2,720416,42592.9515190701,0.889,54149,27889,18957,19161,33039,cluster_2
502,Country: Germany,Year: 2013,20,13696833.5,16426807.08,1033252,46530.9114275776,0.928,77630,38542,28303,23939,47373,cluster_2
503,Country: India,Year: 2013,12,3040297.0,3812719.16,188252,1452.1953732317804,0.607,30206,30923,36046,26659,13676,cluster_2
504,Country: Canada,Year: 2013,10,2077841.5,2627756.04,190752,52418.3150618347,0.911,51054,27484,15594,8370,29922,cluster_2
505,Country: South Korea,Year: 2013,5,1258060.1,1760092.04,154224,25890.0186698906,0.893,31362,24304,19461,8988,16665,cluster_2
506,Country: Switzerland,Year: 2013,5,7765418.0,9632161.6,253904,85112.4643984141,0.938,23433,9678,5807,3932,15083,cluster_2
507,Country: Italy,Year: 2013,5,2665609.34,3212697.4,221120,35370.2752583755,0.8759999999999999,47628,29734,17496,11911,25955,cluster_2
508,Country: Australia,Year: 2013,5,2180150.82,2635545.92,145036,67990.29003047981,0.931,44443,25106,12965,7059,26083,cluster_2
509,Country: Russian Federation,Year: 2013,5,1846612.8,3242735.56,166432,16007.089993444399,0.804,9218,7682,13744,19342,4957,cluster_2
510,Country: Sweden,Year: 2013,5,1067766.7,1297036.2,95680,60283.24522267,0.912,20356,9776,4808,3027,12138,cluster_2
511,Country: Netherlands,Year: 2013,3,511071.0,671160.0,47544,51574.489418462,0.923,32983,14108,6777,5077,20788,cluster_2
512,Country: Brazil,Year: 2013,3,626000.0,1182103.6,58880,12216.9044643396,0.748,20056,18564,19046,12208,10017,cluster_2
513,Country: Norway,Year: 2013,3,735400.0,873164.4,54400,103059.24822759,0.946,9603,5117,2561,2254,5526,cluster_2
514,Country: Saudi Arabia,Year: 2013,3,1165315.0,1827011.4,128272,24934.3861423166,0.8440000000000001,5225,5026,3604,1929,2700,cluster_2
515,Country: Poland,Year: 2013,2,455909.0,583604.6,41852,13781.0626053813,0.85,11612,10761,12553,8891,5448,cluster_2
516,Country: Hong Kong,Year: 2013,2,352937.0,658368.0,47520,38403.7777145477,0.915,8862,4176,2179,1366,5333,cluster_2
517,Country: Spain,Year: 2013,2,1199031.0,1357824.0,65280,29211.773745593506,0.875,41366,22308,16826,12805,24315,cluster_2
518,Country: Finland,Year: 2013,2,378000.0,436301.0,20976,49638.077129813886,0.912,9451,4978,2766,1897,5628,cluster_2
519,Country: Israel,Year: 2013,2,314055.65,736819.0,35424,36291.2321104804,0.895,10200,5400,3009,1518,6212,cluster_2
520,Country: Ireland,Year: 2013,2,268565.0,343310.0,30996,51773.1113695891,0.911,6321,3331,2030,1209,3667,cluster_2
521,Country: Taiwan,Year: 2013,1,177100.0,231859.0,26244,,,20069,12257,7538,5749,10900,cluster_2
522,Country: Denmark,Year: 2013,1,162098.0,183675.84,15672,61191.1926260428,0.931,13149,6109,2827,2438,8194,cluster_2
523,Country: Austria,Year: 2013,1,152900.0,182829.0,20776,50716.708706286394,0.897,10812,5712,3981,3292,6428,cluster_2
524,Country: Belgium,Year: 2013,1,152347.9,175718.0,8448,46582.66955034121,0.908,16700,8391,4963,3058,10090,cluster_2
525,Country: Japan,Year: 2014,32,25027460.14,32541972.169999994,1945550,38109.4121125573,0.903,51115,38942,27051,23851,27349,cluster_2
526,Country: France,Year: 2014,30,14120724.099999998,17081688.2,900440,43008.6525700318,0.894,56170,28041,20598,20309,33433,cluster_2
527,Country: United Kingdom,Year: 2014,30,15366533.16,19811566.860000007,986080,46783.4692171284,0.919,98141,48001,30340,19082,57357,cluster_2
528,Country: Germany,Year: 2014,26,20090183.0,25420880.28,1304372,48042.5634346518,0.93,80783,40196,29004,25588,47609,cluster_2
529,Country: India,Year: 2014,9,3137691.8,3912187.16,184124,1576.0040181767301,0.618,35169,34496,36294,29958,17250,cluster_2
530,Country: South Korea,Year: 2014,9,2527211.7,3673650.24,219012,27811.36638377,0.8959999999999999,34542,25440,20486,9393,19005,cluster_2
531,Country: Russian Federation,Year: 2014,9,4883085.8,7636769.959999999,251502,14125.9087274272,0.807,10520,8913,17661,22558,5626,cluster_2
532,Country: Australia,Year: 2014,9,4635447.6,8964921.5,395283,62327.5559390333,0.933,48247,26821,13940,7252,27846,cluster_2
533,Country: Switzerland,Year: 2014,7,8904372.0,11105800.000000002,294128,86605.5633762421,0.939,24932,10071,6497,4442,15722,cluster_2
534,Country: Canada,Year: 2014,6,1903949.8,2354783.84,168992,50633.2088224323,0.918,53845,28568,17555,8442,30883,cluster_2
535,Country: Sweden,Year: 2014,5,2382972.0,3169138.8000000007,136000,59180.1989776727,0.92,22102,10446,4977,3363,13025,cluster_2
536,Country: Netherlands,Year: 2014,5,1835372.7,2460264.0,88080,52157.4068701887,0.924,34226,14536,7375,5361,20791,cluster_2
537,Country: Brazil,Year: 2014,4,1031365.0,1594903.6,76080,12026.619390631298,0.752,21838,19452,21398,12808,11035,cluster_2
538,Country: Saudi Arabia,Year: 2014,4,1981893.6,2744515.4,169232,24575.4030378327,0.852,7110,5792,4518,2290,3903,cluster_2
539,Country: Finland,Year: 2014,3,1870548.0,2419788.8,62768,49914.618642158886,0.914,10431,5325,3006,1626,6085,cluster_2
540,Country: Norway,Year: 2014,3,735400.0,873164.4,54400,97199.9190963458,0.946,10454,5473,3366,1818,5968,cluster_2
541,Country: Italy,Year: 2014,3,5430931.34,7201352.0,259840,35396.6657242265,0.8740000000000001,49972,32299,19741,12583,26982,cluster_2
542,Country: Spain,Year: 2014,2,1199031.0,1357824.0,65280,29623.1644451343,0.88,43319,23100,17735,13544,25127,cluster_2
543,Country: Denmark,Year: 2014,2,572878.0,667515.84,30792,62548.9850174371,0.928,14989,6635,3174,2158,9047,cluster_2
544,Country: Poland,Year: 2014,2,455909.0,583604.6,41852,14342.4020166467,0.8420000000000001,13426,12081,13033,8664,6227,cluster_2
545,Country: Israel,Year: 2014,2,347685.0,860953.6,41392,37539.9518166878,0.899,10822,5850,3340,1601,6254,cluster_2
546,Country: Austria,Year: 2014,1,596010.0,681574.4,32768,51704.5411875921,0.901,11717,6209,3966,3268,6814,cluster_2
547,Country: Hong Kong,Year: 2014,1,234248.0,476928.0,25920,40315.2855640552,0.923,9520,4496,2308,1285,6017,cluster_2
548,Country: Malaysia,Year: 2014,1,201940.5,401600.0,20080,11183.729432082,0.79,7172,7109,6688,7298,3451,cluster_2
549,Country: Belgium,Year: 2014,1,201374.0,217537.0,11424,47351.9741788818,0.909,17875,8651,5251,3355,10723,cluster_2
550,Country: Hungary,Year: 2014,1,197210.0,248203.2,3696,14201.4488320148,0.833,4307,2974,2513,1959,2372,cluster_2
551,Country: Taiwan,Year: 2014,1,177100.0,231859.0,26244,,,20028,11724,7927,4855,10870,cluster_2
552,Country: Japan,Year: 2015,37,38438914.0,49400667.79,3487404,34567.745675099504,0.905,49002,37604,25963,20649,26089,cluster_2
553,Country: Germany,Year: 2015,33,29870244.5,38060201.4,1487324,41323.921502168996,0.933,82096,40125,28481,24280,47625,cluster_2
554,Country: France,Year: 2015,18,12252180.0,14699173.4,766540,36613.3752159613,0.898,57058,28140,20087,18330,33047,cluster_2
555,Country: United Kingdom,Year: 2015,18,11601324.05,14230096.2,724184,44305.5546320834,0.918,102471,48806,29376,17679,60361,cluster_2
556,Country: India,Year: 2015,11,4933697.8,6662387.16,236692,1606.0382849889002,0.627,36996,36625,36047,33723,18062,cluster_2
557,Country: South Korea,Year: 2015,10,7186951.8999999985,9689205.239999998,283568,27105.076226264,0.898,36763,26038,18267,9845,19982,cluster_2
558,Country: Russian Federation,Year: 2015,7,4736512.0,6951848.159999998,208844,9329.29071323649,0.813,12196,12372,22316,24530,5420,cluster_2
559,Country: Switzerland,Year: 2015,6,8724951.0,11043118.6,243152,82016.02131294321,0.942,25611,10321,5982,4543,15869,cluster_2
560,Country: Saudi Arabia,Year: 2015,6,9788963.6,13026704.0,388240,20732.861721856498,0.8540000000000001,8428,6723,4650,2229,4536,cluster_2
561,Country: Brazil,Year: 2015,6,2012268.0,2722149.6,119280,8750.22299607324,0.757,22914,20551,20593,12610,11129,cluster_2
562,Country: Poland,Year: 2015,6,4599964.0,6080545.6,172076,12566.4834429716,0.855,14885,12844,12708,8668,6645,cluster_2
563,Country: Canada,Year: 2015,6,1903949.8,2354783.84,168992,43525.3701865304,0.92,54809,28576,16625,7839,31747,cluster_2
564,Country: Australia,Year: 2015,4,3127009.0,3909860.7,161627,56561.4123818054,0.936,50510,28022,14996,6779,29279,cluster_2
565,Country: Italy,Year: 2015,4,6115183.34,8304418.0,310072,30180.3215146877,0.8759999999999999,51454,32324,19276,12526,27043,cluster_2
566,Country: Sweden,Year: 2015,3,2130709.0,2846925.2,89264,50812.1908597713,0.929,22639,10814,5158,3005,13365,cluster_2
567,Country: Finland,Year: 2015,2,1564396.7,2085657.8,50136,42424.2208075022,0.915,10792,5431,3016,1525,6258,cluster_2
568,Country: Netherlands,Year: 2015,2,1369405.0,1755744.0,60312,44746.334048523604,0.926,35080,14214,7079,4642,21320,cluster_2
569,Country: Spain,Year: 2015,2,1199031.0,1357824.0,65280,25789.519548147597,0.885,43625,22665,18793,12853,24908,cluster_2
570,Country: Denmark,Year: 2015,2,773880.0,1066080.0,26688,53012.996583500804,0.926,15626,7090,3409,1815,9240,cluster_2
571,Country: Czech Republic,Year: 2015,1,1457730.0,2011641.0,76896,17715.6168523009,0.882,7889,6154,5887,5179,3915,cluster_2
572,Country: Austria,Year: 2015,1,596010.0,681574.4,32768,44206.7842820834,0.903,11998,6331,4256,3313,6947,cluster_2
573,Country: New Zealand,Year: 2015,1,470648.8,768000.0,19200,38649.3784975761,0.914,7496,4541,2728,1158,4211,cluster_2
574,Country: Norway,Year: 2015,1,396700.0,458598.0,22048,74498.13763927,0.948,10440,5463,2805,2322,5984,cluster_2
575,Country: Mexico,Year: 2015,1,277504.0,366912.0,8820,9290.76062857618,0.767,7418,5733,5716,4361,3609,cluster_2
576,Country: Bulgaria,Year: 2015,1,264214.0,412320.0,20700,6993.475543706961,0.807,1051,933,1213,1235,505,cluster_2
577,Country: Hungary,Year: 2015,1,253600.0,363840.0,4890,12483.8659406349,0.8340000000000001,4408,3131,2550,1633,2179,cluster_2
578,Country: Hong Kong,Year: 2015,1,234248.0,476928.0,25920,42431.8882817277,0.927,9504,4287,2078,1211,6082,cluster_2
579,Country: Croatia,Year: 2015,1,233565.0,287539.0,6912,11757.890041793798,0.8270000000000001,1866,1760,1798,1606,915,cluster_2
580,Country: Germany,Year: 2016,31,36501434.8,45628388.0,1600240,42232.5742082948,0.934,83620,41573,30939,26894,50782,cluster_2
581,Country: Japan,Year: 2016,27,54486820.0,77371577.13000001,3946560,38972.3406391468,0.907,50468,38842,27596,20612,27360,cluster_2
582,Country: France,Year: 2016,20,25398803.0,31727765.2,1158428,36870.219134456296,0.899,57304,28603,20605,19454,35095,cluster_2
583,Country: United Kingdom,Year: 2016,13,27602596.0,31682369.0,1148968,40412.0336199885,0.92,104235,51414,30175,18755,62415,cluster_2
584,Country: Poland,Year: 2016,7,6162214.0,8157370.0,208284,12415.0432922899,0.86,15176,13730,13139,9405,7669,cluster_2
585,Country: Italy,Year: 2016,6,14062113.34,21140514.0,606312,30668.9814289997,0.878,53367,32955,21342,13451,29973,cluster_2
586,Country: Russian Federation,Year: 2016,5,4411812.0,6515928.199999998,181070,8748.36885284202,0.815,12084,13185,25280,27046,6278,cluster_2
587,Country: Saudi Arabia,Year: 2016,5,9577663.6,12798147.0,376336,19982.085631405902,0.8540000000000001,8830,6491,5429,2382,5095,cluster_2
588,Country: India,Year: 2016,5,3092368.0,4456050.76,133172,1717.47387802956,0.636,37438,34817,36970,28915,19090,cluster_2
589,Country: South Korea,Year: 2016,4,5679724.6,7597851.0,169696,27608.247428711602,0.9,36469,28429,18267,8078,20879,cluster_2
590,Country: Sweden,Year: 2016,4,3378143.0,4291609.2,123992,51844.761261862695,0.932,23534,11153,5252,3122,14198,cluster_2
591,Country: Switzerland,Year: 2016,4,12273082.0,18811648.0,328608,79866.0318745681,0.943,26057,10801,6072,4700,16594,cluster_2
592,Country: Austria,Year: 2016,3,1537298.0,2096230.4,69608,44731.010855336106,0.906,12440,6311,4499,3354,7515,cluster_2
593,Country: Brazil,Year: 2016,3,1225390.0,1549147.0,52624,8639.36574344537,0.758,25630,22081,21228,13661,13301,cluster_2
594,Country: Australia,Year: 2016,3,2791709.0,3437363.2,154752,49896.6811009246,0.938,52442,28265,14730,7097,30797,cluster_2
595,Country: Netherlands,Year: 2016,3,2117521.0,2900275.0,79848,45637.8867460287,0.928,35635,14992,7445,5226,21757,cluster_2
596,Country: New Zealand,Year: 2016,3,1372751.0,2208000.0,55200,40331.9591048227,0.915,7850,4702,2740,1243,4413,cluster_2
597,Country: Denmark,Year: 2016,2,873135.0,1320480.0,33048,53578.7565680928,0.928,16238,7372,3553,2110,9833,cluster_2
598,Country: Finland,Year: 2016,2,1762018.0,2437631.8,60096,43433.032224358,0.918,10798,5455,3026,1584,6395,cluster_2
599,Country: Canada,Year: 2016,1,715551.0,838861.0,65536,42348.9454605979,0.922,55053,29650,17257,8440,32191,cluster_2
600,Country: South Africa,Year: 2016,1,782886.0,1006387.0,24192,5280.017632764911,0.696,9344,6517,4916,2624,4654,cluster_2
601,Country: Spain,Year: 2016,1,925058.0,1017036.8,48896,26616.757796551006,0.889,44466,22539,18937,13254,26907,cluster_2
602,Country: Belgium,Year: 2016,1,548000.0,619315.0,16128,41260.9775511468,0.915,18444,8672,5175,3460,11199,cluster_2
603,Country: Singapore,Year: 2016,1,1010000.0,1285939.0,30912,55243.132875717696,0.93,11346,4744,2881,1477,7673,cluster_2
604,Country: Czech Republic,Year: 2016,1,1457730.0,2011641.0,76896,18483.7164797716,0.885,8158,6329,5649,5355,4510,cluster_2
605,Country: Norway,Year: 2016,1,396700.0,458598.0,22048,70890.0355687386,0.951,11383,5756,3179,2341,6438,cluster_2
606,Country: Ireland,Year: 2016,1,365911.0,559411.0,14568,64100.4299522762,0.934,7184,3653,2330,1486,4216,cluster_2
607,Country: Japan,Year: 2017,35,90874.7024,136440.16580000002,26331160,38428.0973168279,0.909,49236,39209,26466,19329,26985,cluster_2
608,Country: Germany,Year: 2017,21,38424.2289,51507.98557999999,1656870,44469.909060724414,0.936,85006,45469,27477,26258,50003,cluster_2
609,Country: France,Year: 2017,18,30818.432,42250.4538,1370664,38476.6586361575,0.901,58428,31052,19430,17403,34655,cluster_2
610,Country: United Kingdom,Year: 2017,15,32268.887999999995,41186.451,1296368,39720.4434267836,0.922,109445,53701,29596,15632,64334,cluster_2
611,Country: Italy,Year: 2017,6,16274.622,27832.87389,567608,31952.9759206841,0.88,54442,36211,20969,12962,30031,cluster_2
612,Country: Netherlands,Year: 2017,6,4592.32,6764.544,180480,48223.1554941825,0.931,36349,15943,7912,4144,21827,cluster_2
613,Country: Sweden,Year: 2017,5,4932.065,6445.7170000000015,163792,53442.0082808022,0.933,24477,11722,5329,2690,14706,cluster_2
614,Country: Canada,Year: 2017,5,5088.8510000000015,9261.569,238144,45032.1199081697,0.926,57597,31055,17392,7269,33217,cluster_2
615,Country: Poland,Year: 2017,5,5299.955,7075.706,175784,13811.664243680802,0.865,15337,14515,12011,10009,7755,cluster_2
616,Country: South Korea,Year: 2017,5,7051.981,9317.376,234880,29742.8388613471,0.903,37931,26366,17293,8332,22474,cluster_2
617,Country: Australia,Year: 2017,4,4103.829000000001,7206.9042,205492,53799.93808995991,0.939,55497,29371,15446,5947,32543,cluster_2
618,Country: Saudi Arabia,Year: 2017,4,9297.5786,12268.083,345568,20760.9060117662,0.853,9094,7034,5028,2152,4950,cluster_2
619,Country: Ireland,Year: 2017,4,2876.218,4584.346000000001,119384,69330.6901544912,0.938,7561,4061,2348,1173,4245,cluster_2
620,Country: India,Year: 2017,4,2794.753,3759.153,107544,1939.61298448814,0.64,40467,39456,39008,31124,18726,cluster_2
621,Country: Russian Federation,Year: 2017,3,3662.012,5491.8006,141284,10743.0965915463,0.816,13924,14661,28306,31842,7052,cluster_2
622,Country: Switzerland,Year: 2017,3,21716.281000000003,27674.706,472224,80189.6968607849,0.944,27719,11524,6415,4233,17537,cluster_2
623,Country: Austria,Year: 2017,2,1168.58,1670.7584,59648,47290.9116498316,0.908,13080,6967,4108,2961,7630,cluster_2
624,Country: Finland,Year: 2017,2,1822.57,2678.4768,67488,45703.327865074,0.92,11050,5750,2909,1354,6572,cluster_2
625,Country: Norway,Year: 2017,1,953.571,1081.651,32192,75504.5662551423,0.953,12044,6453,3430,2000,7133,cluster_2
626,Country: Mexico,Year: 2017,1,550.748,726.835,18928,8902.83082294794,0.774,8643,7383,6236,4466,4419,cluster_2
627,Country: Spain,Year: 2017,1,6470.8,10296.115,153216,28156.8158362352,0.8909999999999999,45642,26037,18407,13814,26772,cluster_2
628,Country: Singapore,Year: 2017,1,1010.0,1285.939,30912,57714.2966313778,0.932,12126,5237,2662,1254,8085,cluster_2
629,Country: South Africa,Year: 2017,1,1029.32,1366.81,32856,6160.73456881527,0.6990000000000001,9600,7477,5316,2938,4865,cluster_2
630,Country: Taiwan,Year: 2017,1,1325.15,2088.96,27200,,,18098,10458,5786,3175,10281,cluster_2
631,Country: Czech Republic,Year: 2017,1,1457.73,2011.641,76896,20368.1385576071,0.888,8336,6855,5818,5295,4570,cluster_2
632,Country: New Zealand,Year: 2017,1,549.117,864.0,21600,42940.5782879727,0.917,8190,4967,2792,1196,4609,cluster_2
633,Country: Japan,Year: 2018,31,109436.24199999998,170880.04467999993,5710372,38428.0973168279,0.909,47297,38518,23235,14438,25537,cluster_2
634,Country: United Kingdom,Year: 2018,20,41729.303,52509.52460000002,1625892,39720.4434267836,0.922,107311,51097,25471,11359,63416,cluster_2
635,Country: France,Year: 2018,18,43580.345,66598.8372,1792656,38476.6586361575,0.901,55592,28871,15823,11269,32686,cluster_2
636,Country: Germany,Year: 2018,17,60502.63690000001,86333.95198000001,1575350,44469.909060724414,0.936,82462,42457,23020,18741,48527,cluster_2
637,Country: Ireland,Year: 2018,12,19789.320000000003,25436.16,691200,69330.6901544912,0.938,7877,3973,2059,818,4402,cluster_2
638,Country: Canada,Year: 2018,9,14027.78,22258.5862,436640,45032.1199081697,0.926,56252,30404,14845,5299,32416,cluster_2
639,Country: South Korea,Year: 2018,6,21938.000000000004,35760.55600000001,804740,29742.8388613471,0.903,37220,25014,14365,6887,22526,cluster_2
640,Country: Italy,Year: 2018,6,31110.65,49243.746,814864,31952.9759206841,0.88,54194,34154,17172,8673,29377,cluster_2
641,Country: Netherlands,Year: 2018,6,9334.06,11925.504,326880,48223.1554941825,0.931,36098,15588,6809,2956,21705,cluster_2
642,Country: Australia,Year: 2018,5,6669.187999999999,10232.963200000002,257336,53799.93808995991,0.939,56180,28851,13589,4311,33074,cluster_2
643,Country: Poland,Year: 2018,4,4604.365,6216.16,153128,13811.664243680802,0.865,16060,13370,9388,6400,8046,cluster_2
644,Country: India,Year: 2018,4,8358.996,9472.166,272328,1939.61298448814,0.64,41075,40718,37365,29987,18454,cluster_2
645,Country: Sweden,Year: 2018,4,4653.054,6565.116,139408,53442.0082808022,0.933,24128,11088,4295,1943,14569,cluster_2
646,Country: Singapore,Year: 2018,3,4308.219999999998,5525.298999999999,146112,57714.2966313778,0.932,11755,4798,2169,765,7841,cluster_2
647,Country: Saudi Arabia,Year: 2018,3,10109.13,13858.214000000002,325940,20760.9060117662,0.853,9228,7065,4444,1910,4985,cluster_2
648,Country: Russian Federation,Year: 2018,3,4580.25,7940.005,178180,10743.0965915463,0.816,14159,12631,21056,21858,6889,cluster_2
649,Country: South Africa,Year: 2018,2,2152.4700000000007,2779.93,71256,6160.73456881527,0.6990000000000001,9439,7112,4445,2176,4841,cluster_2
650,Country: Taiwan,Year: 2018,2,10325.15,17297.19,197552,,,16900,10051,5180,2389,9731,cluster_2
651,Country: Switzerland,Year: 2018,2,23126.75,29347.305,453140,80189.6968607849,0.944,26332,10957,5297,2749,16759,cluster_2
652,Country: Spain,Year: 2018,2,7488.8,11781.642,172656,28156.8158362352,0.8909999999999999,45793,24111,14946,10010,27027,cluster_2
653,Country: Czech Republic,Year: 2018,1,1457.73,2011.641,76896,20368.1385576071,0.888,8481,5981,4156,3003,4696,cluster_2
654,Country: Finland,Year: 2018,1,1250.0,1689.2928,40608,45703.327865074,0.92,10940,5458,2418,930,6578,cluster_2
655,Country: Brazil,Year: 2018,1,1123.15,1413.12,38400,9821.407686410079,0.759,28888,23306,17118,8110,14759,cluster_2
656,Country: Norway,Year: 2018,1,953.571,1081.651,32192,75504.5662551423,0.953,12291,6086,2825,1513,7296,cluster_2
657,Country: New Zealand,Year: 2018,1,908.892,1425.408,18560,42940.5782879727,0.917,8179,4788,2276,912,4590,cluster_2
